alpha,seed,T,d,r,beta,lambda_reg,covariance_type,rho,length_scale,eta,mask_value,n_steps,learning_rate,n_population_config,n_train,n_population,train_loss,population_risk,bayes_population_risk,empirical_bayes_risk,weight_norm,trace_s,top_eigenvalue,R1
0.5,0,4,50,50,1.0,0.0,identity,,,,1.0,500,0.001,5000,1250,5000,1.252321111319431,1.2548374807899454,1.0,1.004254533038861,2.7280602516173245,2.7280602516173253,0.676908238663084,0.248128038323853
1.0,0,4,50,50,1.0,0.0,identity,,,,1.0,500,0.001,5000,2500,5000,1.2482566091628102,1.2489641841729346,1.0,0.9963076447657666,1.763230853148765,1.7632308531487646,0.567859131209248,0.3220560315146307
2.0,0,4,50,50,1.0,0.0,identity,,,,1.0,500,0.001,5000,5000,5000,1.2522640674375212,1.250180744800542,1.0,0.9972684929503474,0.724054316550013,0.7240543165500132,0.2655789389518315,0.3667942209325767
3.0,0,4,50,50,1.0,0.0,identity,,,,1.0,500,0.001,5000,7500,5000,1.2470355663085888,1.2478347662796754,1.0,0.9985303675510312,0.4879363754352922,0.4879363754352921,0.1383696546348152,0.2835813470790623
5.0,0,4,50,50,1.0,0.0,identity,,,,1.0,500,0.001,5000,12500,5000,1.2482968063761697,1.2524042777693307,1.0,0.9988698818985596,0.2690743885537188,0.2690743885537188,0.0875069055003353,0.3252145474368149
0.5,0,6,50,50,1.0,0.0,identity,,,,1.0,500,0.001,5000,1250,5000,1.168235714677086,1.168013154591021,1.0,1.0015095991542753,2.2367506186742556,2.236750618674256,0.6940845143606833,0.3103092980352339
1.0,0,6,50,50,1.0,0.0,identity,,,,1.0,500,0.001,5000,2500,5000,1.1682802072877512,1.1658960398716895,1.0,0.9989577489163668,1.3800752728039944,1.380075272803995,0.4233107700291098,0.3067302040482473
2.0,0,6,50,50,1.0,0.0,identity,,,,1.0,500,0.001,5000,5000,5000,1.1643195501588917,1.1623993364929233,1.0,0.9946715873280612,0.5995460869393984,0.5995460869393983,0.1967144609319105,0.3281056539558305
3.0,0,6,50,50,1.0,0.0,identity,,,,1.0,500,0.001,5000,7500,5000,1.1660940859594755,1.1638970878254529,1.0,0.9991905859282706,0.4798802643797121,0.479880264379712,0.1450532024438797,0.3022695726638685
5.0,0,6,50,50,1.0,0.0,identity,,,,1.0,500,0.001,5000,12500,5000,1.1651281028554588,1.164245125677067,1.0,0.9973804662927968,0.4500534860191527,0.4500534860191527,0.1913690233919928,0.4252139564226124
0.5,0,4,50,50,1.0,0.0,toeplitz,0.2,,,1.0,500,0.001,5000,1250,5000,1.1170237425234997,1.122979703190412,0.9415384615384615,0.945308343755974,4.14758925691404,4.14758925691404,0.7336390918548494,0.1768832558893992
1.0,0,4,50,50,1.0,0.0,toeplitz,0.2,,,1.0,500,0.001,5000,2500,5000,1.1166064057623386,1.1169837938941425,0.9415384615384615,0.9386062792670185,3.275957993969406,3.2759579939694063,0.613592250438975,0.1873016233933752
2.0,0,4,50,50,1.0,0.0,toeplitz,0.2,,,1.0,500,0.001,5000,5000,5000,1.12013056521208,1.1180578284695897,0.9415384615384615,0.9397119810920324,2.5935774877592057,2.5935774877592057,0.4332597385815829,0.1670510098990371
3.0,0,4,50,50,1.0,0.0,toeplitz,0.2,,,1.0,500,0.001,5000,7500,5000,1.1150139703678914,1.115527301700195,0.9415384615384615,0.9401282476711708,2.4503346030668633,2.450334603066863,0.329455810641161,0.1344533967845904
5.0,0,4,50,50,1.0,0.0,toeplitz,0.2,,,1.0,500,0.001,5000,12500,5000,1.1164663716053096,1.120526141969301,0.9415384615384615,0.9408084020563688,2.24461205806948,2.24461205806948,0.278795624738069,0.1242065967416446
0.5,0,6,50,50,1.0,0.0,toeplitz,0.2,,,1.0,500,0.001,5000,1250,5000,1.0807030285078654,1.079839255126522,0.9353846153846154,0.9367410645929896,3.244050956437018,3.2440509564370177,0.7595913998396819,0.2341490346606487
1.0,0,6,50,50,1.0,0.0,toeplitz,0.2,,,1.0,500,0.001,5000,2500,5000,1.079595629677009,1.0770592210987842,0.9353846153846154,0.934791771592436,2.4920389303885004,2.4920389303885,0.4688006099563498,0.188119296307809
2.0,0,6,50,50,1.0,0.0,toeplitz,0.2,,,1.0,500,0.001,5000,5000,5000,1.0753790779561512,1.074237161344898,0.9353846153846154,0.930700934654486,1.9640054953636237,1.964005495363624,0.4934823280062297,0.2512632114172697
3.0,0,6,50,50,1.0,0.0,toeplitz,0.2,,,1.0,500,0.001,5000,7500,5000,1.0773152726345827,1.076053525513742,0.9353846153846154,0.934132262861936,1.7625049803389703,1.7625049803389703,0.4351329776262558,0.2468832613128672
5.0,0,6,50,50,1.0,0.0,toeplitz,0.2,,,1.0,500,0.001,5000,12500,5000,1.0774727965597402,1.0761418703078929,0.9353846153846154,0.9335338891160404,1.6824301692490131,1.6824301692490131,0.3274595609123754,0.1946348602738998
0.5,0,4,50,50,1.0,0.0,toeplitz,0.5,,,1.0,500,0.001,5000,1250,5000,0.8266020697612048,0.8347054191328785,0.675,0.6773668761523542,7.4661501460555,7.466150146055501,0.7982519428806999,0.1069161384736456
1.0,0,4,50,50,1.0,0.0,toeplitz,0.5,,,1.0,500,0.001,5000,2500,5000,0.8307662436717282,0.8300478484225583,0.675,0.6734119966296875,7.005558926323533,7.005558926323532,0.6193115378622167,0.0884028732575698
2.0,0,4,50,50,1.0,0.0,toeplitz,0.5,,,1.0,500,0.001,5000,5000,5000,0.8334446867456529,0.8305866629725006,0.675,0.6741579487664282,6.569796763410073,6.569796763410074,0.6258854325379981,0.0952670919782197
3.0,0,4,50,50,1.0,0.0,toeplitz,0.5,,,1.0,500,0.001,5000,7500,5000,0.8287409256950006,0.828082963731511,0.675,0.67302363444799,6.5621053317125995,6.562105331712599,0.6060177796682193,0.0923511204155052
5.0,0,4,50,50,1.0,0.0,toeplitz,0.5,,,1.0,500,0.001,5000,12500,5000,0.8299111703605929,0.8329847175511664,0.675,0.6748520782576668,6.517593015631171,6.51759301563117,0.5412133337161176,0.0830388354133379
0.5,0,6,50,50,1.0,0.0,toeplitz,0.5,,,1.0,500,0.001,5000,1250,5000,0.86420410488381,0.8661584522333556,0.65,0.6511502881237284,6.274257402341216,6.274257402341215,1.2584398906274563,0.2005719258757018
1.0,0,6,50,50,1.0,0.0,toeplitz,0.5,,,1.0,500,0.001,5000,2500,5000,0.8621621215078329,0.8619049137958278,0.65,0.6501232231742079,5.57233110353522,5.572331103535218,0.8366477024036951,0.1501432141878478
2.0,0,6,50,50,1.0,0.0,toeplitz,0.5,,,1.0,500,0.001,5000,5000,5000,0.8588091772533102,0.8598296076969516,0.65,0.6470999483655112,5.276700208564578,5.276700208564578,0.7140475350616915,0.135320845763177
3.0,0,6,50,50,1.0,0.0,toeplitz,0.5,,,1.0,500,0.001,5000,7500,5000,0.8613943843014757,0.8618872370731769,0.65,0.6485816468171962,5.032223008374108,5.032223008374106,0.6748998459086752,0.1341156472568041
5.0,0,6,50,50,1.0,0.0,toeplitz,0.5,,,1.0,500,0.001,5000,12500,5000,0.8635016718088073,0.8616470183288806,0.65,0.6496383140228913,4.74530881324736,4.74530881324736,0.4460021186597648,0.0939880071481695
0.5,0,4,50,50,1.0,0.0,toeplitz,0.8,,,1.0,500,0.001,5000,1250,5000,0.3979001975479118,0.4020182865544361,0.2897560975609755,0.2905873748521639,10.0377643008954,10.0377643008954,0.8331523563601269,0.0830017851969095
1.0,0,4,50,50,1.0,0.0,toeplitz,0.8,,,1.0,500,0.001,5000,2500,5000,0.4013410038219673,0.3998502136533735,0.2897560975609755,0.2891994571616683,10.111644121652033,10.111644121652036,0.8472099832415966,0.0837855815581432
2.0,0,4,50,50,1.0,0.0,toeplitz,0.8,,,1.0,500,0.001,5000,5000,5000,0.4022457328213901,0.4000035933675546,0.2897560975609755,0.2893972499642421,10.055961509503096,10.0559615095031,0.867683343937873,0.0862854678906531
3.0,0,4,50,50,1.0,0.0,toeplitz,0.8,,,1.0,500,0.001,5000,7500,5000,0.3992576514327871,0.398448755771661,0.2897560975609755,0.288215164539261,10.091517591422196,10.091517591422194,0.8805062246736107,0.0872521121522933
5.0,0,4,50,50,1.0,0.0,toeplitz,0.8,,,1.0,500,0.001,5000,12500,5000,0.3997988130266437,0.4013827415999366,0.2897560975609755,0.2898603934998214,10.111962223353595,10.111962223353595,0.874007508864542,0.0864330274935185
0.5,0,6,50,50,1.0,0.0,toeplitz,0.8,,,1.0,500,0.001,5000,1250,5000,0.4607308205951448,0.4595630568947269,0.2663414634146341,0.2670365149389226,8.861214289369164,8.861214289369164,0.8836257730217911,0.0997183618594892
1.0,0,6,50,50,1.0,0.0,toeplitz,0.8,,,1.0,500,0.001,5000,2500,5000,0.4576534802913254,0.4581088891882842,0.2663414634146341,0.2666618308565526,8.705865656515645,8.705865656515643,0.8114560273662366,0.0932079656844838
2.0,0,6,50,50,1.0,0.0,toeplitz,0.8,,,1.0,500,0.001,5000,5000,5000,0.4561172573352282,0.4566333161904616,0.2663414634146341,0.2653005744819174,8.633124756799061,8.633124756799061,0.7297464314082311,0.0845286558419668
3.0,0,6,50,50,1.0,0.0,toeplitz,0.8,,,1.0,500,0.001,5000,7500,5000,0.4579111819710497,0.4583833454699543,0.2663414634146341,0.2655666133749851,8.665938541411291,8.66593854141129,0.7926705224012762,0.0914696681280855
5.0,0,6,50,50,1.0,0.0,toeplitz,0.8,,,1.0,500,0.001,5000,12500,5000,0.4602910705227118,0.458531980007168,0.2663414634146341,0.2665778991212906,8.618800185836017,8.618800185836017,0.7986061089126736,0.0926586174053656
0.5,0,4,50,50,1.0,0.0,tridiagonal,0.2,,,1.0,500,0.001,5000,1250,5000,1.133949820289412,1.1402813283878388,0.9382971014492754,0.94208208959476,4.041003396122619,4.041003396122619,0.7638462227111231,0.1890239002135066
1.0,0,4,50,50,1.0,0.0,tridiagonal,0.2,,,1.0,500,0.001,5000,2500,5000,1.1335321433444805,1.1341577115520045,0.9382971014492754,0.935381205186696,3.1373766685607394,3.1373766685607385,0.6206067656171335,0.1978107288921209
2.0,0,4,50,50,1.0,0.0,tridiagonal,0.2,,,1.0,500,0.001,5000,5000,5000,1.1371667324546664,1.1350064226296388,0.9382971014492754,0.9364845394341778,2.3806525948061843,2.380652594806184,0.4301686446533359,0.1806935819160784
3.0,0,4,50,50,1.0,0.0,tridiagonal,0.2,,,1.0,500,0.001,5000,7500,5000,1.1319489417978232,1.1323880110900066,0.9382971014492754,0.9369907658143732,2.2320613326376257,2.2320613326376253,0.3141669786728757,0.140751947125765
5.0,0,4,50,50,1.0,0.0,tridiagonal,0.2,,,1.0,500,0.001,5000,12500,5000,1.1334049599444656,1.137625995957642,0.9382971014492754,0.9374945137248272,2.013315946199271,2.013315946199271,0.2706361893236993,0.1344231092167154
0.5,0,6,50,50,1.0,0.0,tridiagonal,0.2,,,1.0,500,0.001,5000,1250,5000,1.0948725658371696,1.094187249473182,0.9310364973015884,0.9323712598624788,3.125607655441547,3.1256076554415477,0.8018486008614607,0.2565416678147293
1.0,0,6,50,50,1.0,0.0,tridiagonal,0.2,,,1.0,500,0.001,5000,2500,5000,1.09392793221017,1.0911092916271998,0.9310364973015884,0.9304208606940422,2.34169468641814,2.3416946864181405,0.4431100222077704,0.1892262150048057
2.0,0,6,50,50,1.0,0.0,tridiagonal,0.2,,,1.0,500,0.001,5000,5000,5000,1.0896218059953175,1.0882606850283283,0.9310364973015884,0.9264067811593232,1.7948942366664218,1.794894236666422,0.4768065568779093,0.2656460459550313
3.0,0,6,50,50,1.0,0.0,tridiagonal,0.2,,,1.0,500,0.001,5000,7500,5000,1.0913856232336958,1.0899716537921114,0.9310364973015884,0.929929682642654,1.57341498690475,1.5734149869047502,0.4349354979865805,0.2764277076336951
5.0,0,6,50,50,1.0,0.0,tridiagonal,0.2,,,1.0,500,0.001,5000,12500,5000,1.0914913958291297,1.0901422051715388,0.9310364973015884,0.9291519955213752,1.4922794962373342,1.4922794962373345,0.3236297567294016,0.2168693984909721
0.5,0,4,50,50,1.0,0.0,tridiagonal,0.5,,,1.0,500,0.001,5000,1250,5000,0.9470984116215068,0.9653728207902106,0.5208333333333334,0.522889729157922,7.281622069943782,7.281622069943778,1.4591531656582637,0.2003884782322313
1.0,0,4,50,50,1.0,0.0,tridiagonal,0.5,,,1.0,500,0.001,5000,2500,5000,0.954962417799346,0.9583096177446548,0.5208333333333334,0.5198185546926212,6.287300009215775,6.287300009215777,1.005762753698041,0.159967355180096
2.0,0,4,50,50,1.0,0.0,tridiagonal,0.5,,,1.0,500,0.001,5000,5000,5000,0.9591368072167022,0.9564342328975208,0.5208333333333334,0.5203553308622908,5.194533367618569,5.194533367618569,0.5963289350807575,0.1147993270768311
3.0,0,4,50,50,1.0,0.0,tridiagonal,0.5,,,1.0,500,0.001,5000,7500,5000,0.9539530006282496,0.9532131644970386,0.5208333333333334,0.5187484564010704,5.110079761626676,5.110079761626676,0.4579633937059599,0.0896196175145762
5.0,0,4,50,50,1.0,0.0,tridiagonal,0.5,,,1.0,500,0.001,5000,12500,5000,0.9553211684040532,0.9601235584432668,0.5208333333333334,0.5204079413372245,4.903408661227086,4.903408661227086,0.448957324902715,0.0915602504137117
0.5,0,6,50,50,1.0,0.0,tridiagonal,0.5,,,1.0,500,0.001,5000,1250,5000,0.9813210384950182,0.9860705035458324,0.4083333333333334,0.4094852715378921,4.9770008667456604,4.9770008667456604,1.3393875186590218,0.2691153878650648
1.0,0,6,50,50,1.0,0.0,tridiagonal,0.5,,,1.0,500,0.001,5000,2500,5000,0.9799349240552552,0.978287134859194,0.4083333333333334,0.4086135571557748,4.1249380594481595,4.124938059448159,1.0098236408640957,0.2448094071500291
2.0,0,6,50,50,1.0,0.0,tridiagonal,0.5,,,1.0,500,0.001,5000,5000,5000,0.9762848587204216,0.9766704452870024,0.4083333333333334,0.4070527959532702,3.7231027751380976,3.7231027751380976,0.7448573061687882,0.200063589740995
3.0,0,6,50,50,1.0,0.0,tridiagonal,0.5,,,1.0,500,0.001,5000,7500,5000,0.97807525933453,0.978273459978559,0.4083333333333334,0.4081886246491627,3.398580985853802,3.398580985853801,0.8699356947068138,0.2559702706299542
5.0,0,6,50,50,1.0,0.0,tridiagonal,0.5,,,1.0,500,0.001,5000,12500,5000,0.9800502058180612,0.9783195522540308,0.4083333333333334,0.4083752142397848,3.172349366956425,3.172349366956425,0.4458159845612378,0.1405318056090893
0.5,0,4,50,50,1.0,0.1,identity,,,,1.0,500,0.001,5000,1250,5000,1.254537045497793,1.2518934294191728,1.0,1.004254533038861,0.0044159558928744,0.0044159558928744,0.0004279755360699,0.0969157180126097
1.0,0,4,50,50,1.0,0.1,identity,,,,1.0,500,0.001,5000,2500,5000,1.24924612709563,1.2472895469127316,1.0,0.9963076447657666,0.0044158638632278,0.0044158638632278,0.0004279719315305,0.0969169215324719
2.0,0,4,50,50,1.0,0.1,identity,,,,1.0,500,0.001,5000,5000,5000,1.2525030885837731,1.249704134976615,1.0,0.9972684929503474,0.0044158189523178,0.0044158189523178,0.0004279177966468,0.0969056479143521
3.0,0,4,50,50,1.0,0.1,identity,,,,1.0,500,0.001,5000,7500,5000,1.247148022326552,1.2476233590446486,1.0,0.9985303675510312,0.0044158586631586,0.0044158586631586,0.0004279669295639,0.0969159029328695
5.0,0,4,50,50,1.0,0.1,identity,,,,1.0,500,0.001,5000,12500,5000,1.2483349562843005,1.2522983124525586,1.0,0.9988698818985596,0.0044157732805941,0.0044157732805941,0.0004278138670365,0.0968831142026018
0.5,0,6,50,50,1.0,0.1,identity,,,,1.0,500,0.001,5000,1250,5000,1.1696931842550635,1.1661935027056742,1.0,1.0015095991542753,0.0044158278489503,0.0044158278489503,0.0004279143614965,0.0969046747595247
1.0,0,6,50,50,1.0,0.1,identity,,,,1.0,500,0.001,5000,2500,5000,1.1687989365826958,1.1650008610968603,1.0,0.9989577489163668,0.0044157334683317,0.0044157334683317,0.0004278813721438,0.096899275106282
2.0,0,6,50,50,1.0,0.1,identity,,,,1.0,500,0.001,5000,5000,5000,1.1644592024323983,1.162182537870709,1.0,0.9946715873280612,0.0044157465860801,0.0044157465860801,0.0004278445020131,0.096890637556485
3.0,0,6,50,50,1.0,0.1,identity,,,,1.0,500,0.001,5000,7500,5000,1.1661732431594405,1.163737832940881,1.0,0.9991905859282706,0.0044157646896227,0.0044157646896227,0.0004278634842886,0.0968945390804435
5.0,0,6,50,50,1.0,0.1,identity,,,,1.0,500,0.001,5000,12500,5000,1.165196667215216,1.1640556683575425,1.0,0.9973804662927968,0.0044157916154973,0.0044157916154973,0.0004279439265131,0.0969121651962202
0.5,0,4,50,50,1.0,0.1,toeplitz,0.2,,,1.0,500,0.001,5000,1250,5000,1.1236319032772275,1.1226262763543275,0.9415384615384615,0.945308343755974,0.0044164708115625,0.0044164708115625,0.0004288912128,0.0971117507846311
1.0,0,4,50,50,1.0,0.1,toeplitz,0.2,,,1.0,500,0.001,5000,2500,5000,1.1211006311864211,1.1179038386308824,0.9415384615384615,0.9386062792670185,0.0044164415997207,0.0044164415997207,0.0004289500241094,0.0971257095614289
2.0,0,4,50,50,1.0,0.1,toeplitz,0.2,,,1.0,500,0.001,5000,5000,5000,1.1232039703295271,1.1196146843512382,0.9415384615384615,0.9397119810920324,0.0044163810243137,0.0044163810243137,0.0004288945054964,0.0971144706797898
3.0,0,4,50,50,1.0,0.1,toeplitz,0.2,,,1.0,500,0.001,5000,7500,5000,1.117826533074105,1.1174186333979534,0.9415384615384615,0.9401282476711708,0.0044165328226963,0.0044165328226963,0.0004289686995966,0.097127931981432
5.0,0,4,50,50,1.0,0.1,toeplitz,0.2,,,1.0,500,0.001,5000,12500,5000,1.1188927494635377,1.1227713472741871,0.9415384615384615,0.9408084020563688,0.0044163679914642,0.0044163679914642,0.0004287994250399,0.0970932281614065
0.5,0,6,50,50,1.0,0.1,toeplitz,0.2,,,1.0,500,0.001,5000,1250,5000,1.083475966236792,1.0790652828526937,0.9353846153846154,0.9367410645929896,0.004416031478278,0.004416031478278,0.0004282791994987,0.0969828230630628
1.0,0,6,50,50,1.0,0.1,toeplitz,0.2,,,1.0,500,0.001,5000,2500,5000,1.0812353431334254,1.0767991458956812,0.9353846153846154,0.934791771592436,0.0044158782164822,0.0044158782164822,0.0004282347288195,0.0969761184131306
2.0,0,6,50,50,1.0,0.1,toeplitz,0.2,,,1.0,500,0.001,5000,5000,5000,1.0764463558446746,1.074438684800475,0.9353846153846154,0.930700934654486,0.00441596342325,0.00441596342325,0.0004282373877249,0.0969748493545744
3.0,0,6,50,50,1.0,0.1,toeplitz,0.2,,,1.0,500,0.001,5000,7500,5000,1.0782363983789618,1.0763103761702435,0.9353846153846154,0.934132262861936,0.0044159763737578,0.0044159763737578,0.0004282248651915,0.0969717292276057
5.0,0,6,50,50,1.0,0.1,toeplitz,0.2,,,1.0,500,0.001,5000,12500,5000,1.0782906707520363,1.076362478304078,0.9353846153846154,0.9335338891160404,0.0044159961783079,0.0044159961783079,0.0004283087673642,0.0969902939382494
0.5,0,4,50,50,1.0,0.1,toeplitz,0.5,,,1.0,500,0.001,5000,1250,5000,0.8520355692522902,0.8526816968842289,0.675,0.6773668761523542,0.0044183221917974,0.0044183221917974,0.0004308950988631,0.0975245987409155
1.0,0,4,50,50,1.0,0.1,toeplitz,0.5,,,1.0,500,0.001,5000,2500,5000,0.8531838241149627,0.8484333106470549,0.675,0.6734119966296875,0.0044184207554037,0.0044184207554037,0.0004310169970512,0.0975500118507435
2.0,0,4,50,50,1.0,0.1,toeplitz,0.5,,,1.0,500,0.001,5000,5000,5000,0.8533373678557138,0.8492953587119731,0.675,0.6741579487664282,0.0044182792297066,0.0044182792297066,0.0004309700636667,0.0975425140106689
3.0,0,4,50,50,1.0,0.1,toeplitz,0.5,,,1.0,500,0.001,5000,7500,5000,0.8485387036151036,0.8473522694719559,0.675,0.67302363444799,0.0044184465398503,0.0044184465398503,0.0004310340102957,0.0975532930880112
5.0,0,4,50,50,1.0,0.1,toeplitz,0.5,,,1.0,500,0.001,5000,12500,5000,0.8492325203925406,0.8525220749696507,0.675,0.6748520782576668,0.0044182386089022,0.0044182386089022,0.0004308747171095,0.0975218305868402
0.5,0,6,50,50,1.0,0.1,toeplitz,0.5,,,1.0,500,0.001,5000,1250,5000,0.874545831904803,0.8688733722651283,0.65,0.6511502881237284,0.0044167074362316,0.0044167074362316,0.0004291618246462,0.0971678180731818
1.0,0,6,50,50,1.0,0.1,toeplitz,0.5,,,1.0,500,0.001,5000,2500,5000,0.8699688039314261,0.866245447995085,0.65,0.6501232231742079,0.0044164205632563,0.0044164205632563,0.0004290559003361,0.097150145506018
2.0,0,6,50,50,1.0,0.1,toeplitz,0.5,,,1.0,500,0.001,5000,5000,5000,0.865501586741433,0.8645113901224312,0.65,0.6470999483655112,0.0044165287095584,0.0044165287095584,0.000429109602664,0.0971599260150445
3.0,0,6,50,50,1.0,0.1,toeplitz,0.5,,,1.0,500,0.001,5000,7500,5000,0.867658058245428,0.8669625962850245,0.65,0.6485816468171962,0.0044165737147171,0.0044165737147171,0.0004291104785453,0.0971591342663414
5.0,0,6,50,50,1.0,0.1,toeplitz,0.5,,,1.0,500,0.001,5000,12500,5000,0.8693436745310377,0.8665880663094183,0.65,0.6496383140228913,0.0044165875703218,0.0044165875703218,0.0004291628683237,0.097170691510242
0.5,0,4,50,50,1.0,0.1,toeplitz,0.8,,,1.0,500,0.001,5000,1250,5000,0.4641909159450555,0.4645308451373317,0.2897560975609755,0.2905873748521639,0.0044223610204358,0.0044223610204358,0.0004339324634109,0.0981223517043898
1.0,0,4,50,50,1.0,0.1,toeplitz,0.8,,,1.0,500,0.001,5000,2500,5000,0.4663247301126983,0.4620559819700809,0.2897560975609755,0.2891994571616683,0.0044223720095195,0.0044223720095195,0.0004339931242904,0.0981358247013681
2.0,0,4,50,50,1.0,0.1,toeplitz,0.8,,,1.0,500,0.001,5000,5000,5000,0.4650862802538587,0.4622322592974069,0.2897560975609755,0.2893972499642421,0.004422298043826,0.004422298043826,0.0004340190248765,0.0981433229002884
3.0,0,4,50,50,1.0,0.1,toeplitz,0.8,,,1.0,500,0.001,5000,7500,5000,0.4622013424493206,0.461278409140317,0.2897560975609755,0.288215164539261,0.0044223571701997,0.0044223571701997,0.000434046648252,0.0981482570374207
5.0,0,4,50,50,1.0,0.1,toeplitz,0.8,,,1.0,500,0.001,5000,12500,5000,0.462419616695697,0.4644203482044133,0.2897560975609755,0.2898603934998214,0.0044222160269186,0.0044222160269186,0.0004339490781796,0.0981293260071803
0.5,0,6,50,50,1.0,0.1,toeplitz,0.8,,,1.0,500,0.001,5000,1250,5000,0.4875186357516078,0.4824888201934809,0.2663414634146341,0.2670365149389226,0.0044182145928284,0.0044182145928284,0.0004307265344095,0.0974888216404649
1.0,0,6,50,50,1.0,0.1,toeplitz,0.8,,,1.0,500,0.001,5000,2500,5000,0.4824173433241323,0.4811309839563703,0.2663414634146341,0.2666618308565526,0.0044179574164606,0.0044179574164606,0.0004306159877262,0.0974694744955763
2.0,0,6,50,50,1.0,0.1,toeplitz,0.8,,,1.0,500,0.001,5000,5000,5000,0.4799050999234452,0.4799538047261625,0.2663414634146341,0.2653005744819174,0.0044179948403264,0.0044179948403264,0.0004306843324502,0.0974841184781471
3.0,0,6,50,50,1.0,0.1,toeplitz,0.8,,,1.0,500,0.001,5000,7500,5000,0.4817401139615389,0.4822593454633636,0.2663414634146341,0.2655666133749851,0.0044180576286348,0.0044180576286348,0.0004307053515841,0.0974874906095892
5.0,0,6,50,50,1.0,0.1,toeplitz,0.8,,,1.0,500,0.001,5000,12500,5000,0.4839805900461956,0.4814733229148087,0.2663414634146341,0.2665778991212906,0.0044180700454676,0.0044180700454676,0.0004307199367111,0.0974905178683271
0.5,0,4,50,50,1.0,0.1,tridiagonal,0.2,,,1.0,500,0.001,5000,1250,5000,1.1401274432732549,1.1391108077367231,0.9382971014492754,0.94208208959476,0.0044163760513203,0.0044163760513203,0.0004287682535834,0.0970859928142428
1.0,0,4,50,50,1.0,0.1,tridiagonal,0.2,,,1.0,500,0.001,5000,2500,5000,1.1375518027857476,1.1343432253408334,0.9382971014492754,0.935381205186696,0.0044163295078707,0.0044163295078707,0.0004288274807478,0.0971004269458661
2.0,0,4,50,50,1.0,0.1,tridiagonal,0.2,,,1.0,500,0.001,5000,5000,5000,1.139712786956949,1.136000116857386,0.9382971014492754,0.9364845394341778,0.0044162830741405,0.0044162830741405,0.0004287666379191,0.0970876709488518
3.0,0,4,50,50,1.0,0.1,tridiagonal,0.2,,,1.0,500,0.001,5000,7500,5000,1.1342544351158836,1.1337078523812285,0.9382971014492754,0.9369907658143732,0.0044164631271585,0.0044164631271585,0.0004288571570308,0.097104208658192
5.0,0,4,50,50,1.0,0.1,tridiagonal,0.2,,,1.0,500,0.001,5000,12500,5000,1.135330145562734,1.1392988364336498,0.9382971014492754,0.9374945137248272,0.0044162795218014,0.0044162795218014,0.000428677905922,0.0970676570189557
0.5,0,6,50,50,1.0,0.1,tridiagonal,0.2,,,1.0,500,0.001,5000,1250,5000,1.097461578130756,1.0931450356166996,0.9310364973015884,0.9323712598624788,0.0044159900362518,0.0044159900362518,0.000428211203725,0.0969683355736302
1.0,0,6,50,50,1.0,0.1,tridiagonal,0.2,,,1.0,500,0.001,5000,2500,5000,1.095393002483562,1.090645307497776,0.9310364973015884,0.9304208606940422,0.0044158490864719,0.0044158490864719,0.0004281832633881,0.0969651034270905
2.0,0,6,50,50,1.0,0.1,tridiagonal,0.2,,,1.0,500,0.001,5000,5000,5000,1.0905243598200256,1.088276241055267,0.9310364973015884,0.9264067811593232,0.0044159448903563,0.0044159448903563,0.0004281865046697,0.0969637337650663
3.0,0,6,50,50,1.0,0.1,tridiagonal,0.2,,,1.0,500,0.001,5000,7500,5000,1.0921484589811856,1.0900307732535572,0.9310364973015884,0.929929682642654,0.0044159536116687,0.0044159536116687,0.0004281685296778,0.0969594717993493
5.0,0,6,50,50,1.0,0.1,tridiagonal,0.2,,,1.0,500,0.001,5000,12500,5000,1.092139799765486,1.0902264300764408,0.9310364973015884,0.9291519955213752,0.0044159732669252,0.0044159732669252,0.0004282602983883,0.0969798213218233
0.5,0,4,50,50,1.0,0.1,tridiagonal,0.5,,,1.0,500,0.001,5000,1250,5000,0.9684020123619592,0.9697190029637676,0.5208333333333334,0.522889729157922,0.0044173599863248,0.0044173599863248,0.0004300118486941,0.097345892122299
1.0,0,4,50,50,1.0,0.1,tridiagonal,0.5,,,1.0,500,0.001,5000,2500,5000,0.9705849609700437,0.9649517059954346,0.5208333333333334,0.5198185546926212,0.0044175489153118,0.0044175489153118,0.0004301913713751,0.097382367376628
2.0,0,4,50,50,1.0,0.1,tridiagonal,0.5,,,1.0,500,0.001,5000,5000,5000,0.9706075400077736,0.9654040075673378,0.5208333333333334,0.5203553308622908,0.0044173606981505,0.0044173606981505,0.0004300529360104,0.0973551777627202
3.0,0,4,50,50,1.0,0.1,tridiagonal,0.5,,,1.0,500,0.001,5000,7500,5000,0.965196653735262,0.962727505092094,0.5208333333333334,0.5187484564010704,0.0044176375971981,0.0044176375971981,0.0004301975344126,0.0973818075718774
5.0,0,4,50,50,1.0,0.1,tridiagonal,0.5,,,1.0,500,0.001,5000,12500,5000,0.9657700873070988,0.9697469802676169,0.5208333333333334,0.5204079413372245,0.0044172995351881,0.0044172995351881,0.0004299616982899,0.0973358711277983
0.5,0,6,50,50,1.0,0.1,tridiagonal,0.5,,,1.0,500,0.001,5000,1250,5000,0.9889341756885603,0.9836042194274388,0.4083333333333334,0.4094852715378921,0.0044163612122132,0.0044163612122132,0.0004286193238123,0.097052596745706
1.0,0,6,50,50,1.0,0.1,tridiagonal,0.5,,,1.0,500,0.001,5000,2500,5000,0.9849090495893256,0.978960233650322,0.4083333333333334,0.4086135571557748,0.0044160725768645,0.0044160725768645,0.0004286162043142,0.097058233725537
2.0,0,6,50,50,1.0,0.1,tridiagonal,0.5,,,1.0,500,0.001,5000,5000,5000,0.9800084448600044,0.9776897920857176,0.4083333333333334,0.4070527959532702,0.0044162613918025,0.0044162613918025,0.0004286586292503,0.0970636905790918
3.0,0,6,50,50,1.0,0.1,tridiagonal,0.5,,,1.0,500,0.001,5000,7500,5000,0.9813682481098966,0.979526183734385,0.4083333333333334,0.4081886246491627,0.0044162915866551,0.0044162915866551,0.0004286826652063,0.0970684695054457
5.0,0,6,50,50,1.0,0.1,tridiagonal,0.5,,,1.0,500,0.001,5000,12500,5000,0.9827596258635378,0.9801655919985808,0.4083333333333334,0.4083752142397848,0.0044163338746191,0.0044163338746191,0.0004287642471218,0.097086012809389
0.5,0,4,50,50,1.0,1.0,identity,,,,1.0,500,0.001,5000,1250,5000,1.2545371051671048,1.2518934566173434,1.0,1.004254533038861,0.0044154128436645,0.0044154128436645,0.0004275683429484,0.0968354167746639
1.0,0,4,50,50,1.0,1.0,identity,,,,1.0,500,0.001,5000,2500,5000,1.2492461618882509,1.2472895658436889,1.0,0.9963076447657666,0.004415404368823,0.004415404368823,0.0004275680158282,0.0968355285525484
2.0,0,4,50,50,1.0,1.0,identity,,,,1.0,500,0.001,5000,5000,5000,1.2525031102126034,1.2497041536392148,1.0,0.9972684929503474,0.0044154002479911,0.0044154002479911,0.0004275625954248,0.0968343913146717
3.0,0,4,50,50,1.0,1.0,identity,,,,1.0,500,0.001,5000,7500,5000,1.247148046850403,1.2476233801961063,1.0,0.9985303675510312,0.0044154041477759,0.0044154041477759,0.0004275674786189,0.0968354117333352
5.0,0,4,50,50,1.0,1.0,identity,,,,1.0,500,0.001,5000,12500,5000,1.2483349711947906,1.25229833384219,1.0,0.9988698818985596,0.004415395845183,0.004415395845183,0.0004275522000032,0.096832133515213
0.5,0,6,50,50,1.0,1.0,identity,,,,1.0,500,0.001,5000,1250,5000,1.1696932265990148,1.16619352996401,1.0,1.0015095991542753,0.0044154005460933,0.0044154005460933,0.0004275621696243,0.0968342883416571
1.0,0,6,50,50,1.0,1.0,identity,,,,1.0,500,0.001,5000,2500,5000,1.1687989620548964,1.1650008826464484,1.0,0.9989577489163668,0.0044153915963808,0.0044153915963808,0.0004275589456503,0.0968337544513151
2.0,0,6,50,50,1.0,1.0,identity,,,,1.0,500,0.001,5000,5000,5000,1.1644592149989448,1.1621825539994333,1.0,0.9946715873280612,0.0044153932598956,0.0044153932598956,0.0004275552205625,0.0968328743095237
3.0,0,6,50,50,1.0,1.0,identity,,,,1.0,500,0.001,5000,7500,5000,1.1661732606825337,1.1637378540826244,1.0,0.9991905859282706,0.0044153949397867,0.0044153949397867,0.0004275571094874,0.0968332652725469
5.0,0,6,50,50,1.0,1.0,identity,,,,1.0,500,0.001,5000,12500,5000,1.1651966927850697,1.1640556826730557,1.0,0.9973804662927968,0.0044153974090781,0.0044153974090781,0.000427565148742,0.0968350318508071
0.5,0,4,50,50,1.0,1.0,toeplitz,0.2,,,1.0,500,0.001,5000,1250,5000,1.1236325538302632,1.1226268260219632,0.9415384615384615,0.945308343755974,0.0044154474934475,0.0044154474934475,0.000427659585824,0.0968553213368985
1.0,0,4,50,50,1.0,1.0,toeplitz,0.2,,,1.0,500,0.001,5000,2500,5000,1.1211012218940235,1.117904352894653,0.9415384615384615,0.9386062792670185,0.0044154464834247,0.0044154464834247,0.0004276655621895,0.0968566970056103
2.0,0,4,50,50,1.0,1.0,toeplitz,0.2,,,1.0,500,0.001,5000,5000,5000,1.123204466025894,1.1196151786486792,0.9415384615384615,0.9397119810920324,0.004415443138056,0.004415443138056,0.0004276598475103,0.0968554761410923
3.0,0,4,50,50,1.0,1.0,toeplitz,0.2,,,1.0,500,0.001,5000,7500,5000,1.117827057638178,1.1174191500535031,0.9415384615384615,0.9401282476711708,0.0044154575631575,0.0044154575631575,0.0004276670811357,0.0968567979690729
5.0,0,4,50,50,1.0,1.0,toeplitz,0.2,,,1.0,500,0.001,5000,12500,5000,1.1188932186678282,1.1227718546013294,0.9415384615384615,0.9408084020563688,0.0044154424831219,0.0044154424831219,0.0004276503910712,0.0968533488333033
0.5,0,6,50,50,1.0,1.0,toeplitz,0.2,,,1.0,500,0.001,5000,1250,5000,1.0834761448392456,1.079065432515226,0.9353846153846154,0.9367410645929896,0.004415417019417,0.004415417019417,0.0004275984266197,0.0968421385204152
1.0,0,6,50,50,1.0,1.0,toeplitz,0.2,,,1.0,500,0.001,5000,2500,5000,1.081235478927373,1.076799271291071,0.9353846153846154,0.934791771592436,0.0044154029921578,0.0044154029921578,0.0004275942469054,0.0968414995561838
2.0,0,6,50,50,1.0,1.0,toeplitz,0.2,,,1.0,500,0.001,5000,5000,5000,1.0764464591258078,1.0744387968103415,0.9353846153846154,0.930700934654486,0.0044154124326562,0.0044154124326562,0.000427594399309,0.0968413270177335
3.0,0,6,50,50,1.0,1.0,toeplitz,0.2,,,1.0,500,0.001,5000,7500,5000,1.078236516888604,1.0763105040102008,0.9353846153846154,0.934132262861936,0.004415413317114,0.004415413317114,0.000427593103192,0.096841014075568
5.0,0,6,50,50,1.0,1.0,toeplitz,0.2,,,1.0,500,0.001,5000,12500,5000,1.0782908085106049,1.0763625920229514,0.9353846153846154,0.9335338891160404,0.0044154147372348,0.0044154147372348,0.0004276014923092,0.096842882890093
0.5,0,4,50,50,1.0,1.0,toeplitz,0.5,,,1.0,500,0.001,5000,1250,5000,0.8520392141825494,0.8526851230706352,0.675,0.6773668761523542,0.0044155468019377,0.0044155468019377,0.0004278570846662,0.0968978710583444
1.0,0,4,50,50,1.0,1.0,toeplitz,0.5,,,1.0,500,0.001,5000,2500,5000,0.8531873782781909,0.8484366801521792,0.675,0.6734119966296875,0.0044155598637439,0.0044155598637439,0.0004278690522977,0.0969002947533322
2.0,0,4,50,50,1.0,1.0,toeplitz,0.5,,,1.0,500,0.001,5000,5000,5000,0.8533406537702667,0.8492986470394248,0.675,0.6741579487664282,0.0044155535322988,0.0044155535322988,0.0004278638890218,0.096899264359984
3.0,0,4,50,50,1.0,1.0,toeplitz,0.5,,,1.0,500,0.001,5000,7500,5000,0.8485420589625454,0.8473556153785936,0.675,0.67302363444799,0.0044155683835008,0.0044155683835008,0.0004278700671221,0.0969003376147183
5.0,0,4,50,50,1.0,1.0,toeplitz,0.5,,,1.0,500,0.001,5000,12500,5000,0.849235752395305,0.8525253908690927,0.675,0.6748520782576668,0.0044155507564485,0.0044155507564485,0.0004278545770055,0.0968972163621267
0.5,0,6,50,50,1.0,1.0,toeplitz,0.5,,,1.0,500,0.001,5000,1250,5000,0.8745467008959443,0.8688741552058483,0.65,0.6511502881237284,0.0044154648281502,0.0044154648281502,0.0004276854665,0.0968608024626018
1.0,0,6,50,50,1.0,1.0,toeplitz,0.5,,,1.0,500,0.001,5000,2500,5000,0.8699695306063093,0.8662461492583167,0.65,0.6501232231742079,0.0044154404803237,0.0044154404803237,0.0004276758038635,0.0968591482026282
2.0,0,6,50,50,1.0,1.0,toeplitz,0.5,,,1.0,500,0.001,5000,5000,5000,0.8655022527745787,0.8645120620990084,0.65,0.6470999483655112,0.0044154530486084,0.0044154530486084,0.0004276808929093,0.0968600250531769
3.0,0,6,50,50,1.0,1.0,toeplitz,0.5,,,1.0,500,0.001,5000,7500,5000,0.8676587659614309,0.8669633258482234,0.65,0.6485816468171962,0.0044154565185253,0.0044154565185253,0.0004276807929183,0.0968599262893927
5.0,0,6,50,50,1.0,1.0,toeplitz,0.5,,,1.0,500,0.001,5000,12500,5000,0.8693444152154834,0.8665887577148005,0.65,0.6496383140228913,0.0044154568154712,0.0044154568154712,0.0004276860997895,0.0968611216603927
0.5,0,4,50,50,1.0,1.0,toeplitz,0.8,,,1.0,500,0.001,5000,1250,5000,0.4642020114373967,0.4645416701558895,0.2897560975609755,0.2905873748521639,0.0044157357358677,0.0044157357358677,0.0004281521059738,0.0969605364958967
1.0,0,4,50,50,1.0,1.0,toeplitz,0.8,,,1.0,500,0.001,5000,2500,5000,0.4663356495060192,0.4620667487996521,0.2897560975609755,0.2891994571616683,0.0044157423207611,0.0044157423207611,0.0004281576710781,0.096961652192693
2.0,0,4,50,50,1.0,1.0,toeplitz,0.8,,,1.0,500,0.001,5000,5000,5000,0.465096960030211,0.4622428930623482,0.2897560975609755,0.2893972499642421,0.0044157426078988,0.0044157426078988,0.0004281599332202,0.0969621581779712
3.0,0,4,50,50,1.0,1.0,toeplitz,0.8,,,1.0,500,0.001,5000,7500,5000,0.4622120916836381,0.4612891170541878,0.2897560975609755,0.288215164539261,0.00441574646642,0.00441574646642,0.0004281628751216,0.096962739681205
5.0,0,4,50,50,1.0,1.0,toeplitz,0.8,,,1.0,500,0.001,5000,12500,5000,0.462430219546533,0.4644311074548927,0.2897560975609755,0.2898603934998214,0.0044157362848625,0.0044157362848625,0.0004281532034481,0.0969607729781889
0.5,0,6,50,50,1.0,1.0,toeplitz,0.8,,,1.0,500,0.001,5000,1250,5000,0.4875217517065291,0.4824918018772285,0.2663414634146341,0.2670365149389226,0.0044155512817684,0.0044155512817684,0.000427839048182,0.0968936879860497
1.0,0,6,50,50,1.0,1.0,toeplitz,0.8,,,1.0,500,0.001,5000,2500,5000,0.4824202272134467,0.4811338419989738,0.2663414634146341,0.2666618308565526,0.0044155325008981,0.0044155325008981,0.0004278291545319,0.0968918594631379
2.0,0,6,50,50,1.0,1.0,toeplitz,0.8,,,1.0,500,0.001,5000,5000,5000,0.4799079403714059,0.4799566409943298,0.2663414634146341,0.2653005744819174,0.0044155375433494,0.0044155375433494,0.0004278357194507,0.0968932355914693
3.0,0,6,50,50,1.0,1.0,toeplitz,0.8,,,1.0,500,0.001,5000,7500,5000,0.4817429991400379,0.4822622826587789,0.2663414634146341,0.2655666133749851,0.0044155428407913,0.0044155428407913,0.0004278375020056,0.0968935230461928
5.0,0,6,50,50,1.0,1.0,toeplitz,0.8,,,1.0,500,0.001,5000,12500,5000,0.4839835104745856,0.4814761749116387,0.2663414634146341,0.2665778991212906,0.004415542806759,0.004415542806759,0.0004278390515353,0.0968938747191925
0.5,0,4,50,50,1.0,1.0,tridiagonal,0.2,,,1.0,500,0.001,5000,1250,5000,1.1401279970390692,1.1391112619933192,0.9382971014492754,0.94208208959476,0.0044154407535019,0.0044154407535019,0.0004276473795581,0.0968527047314585
1.0,0,4,50,50,1.0,1.0,tridiagonal,0.2,,,1.0,500,0.001,5000,2500,5000,1.1375523011367936,1.1343436447562414,0.9382971014492754,0.935381205186696,0.0044154378914289,0.0044154378914289,0.0004276534470405,0.0968541416629765
2.0,0,4,50,50,1.0,1.0,tridiagonal,0.2,,,1.0,500,0.001,5000,5000,5000,1.139713188405015,1.1360005175873296,0.9382971014492754,0.9364845394341778,0.0044154360010234,0.0044154360010234,0.000427647169324,0.0968527613637586
3.0,0,4,50,50,1.0,1.0,tridiagonal,0.2,,,1.0,500,0.001,5000,7500,5000,1.1342548670537156,1.1337082762944388,0.9382971014492754,0.9369907658143732,0.0044154532174886,0.0044154532174886,0.0004276560213769,0.0968543885105801
5.0,0,4,50,50,1.0,1.0,tridiagonal,0.2,,,1.0,500,0.001,5000,12500,5000,1.1353305226402943,1.1392992475991777,0.9382971014492754,0.9374945137248272,0.0044154362524345,0.0044154362524345,0.000427638328544,0.0968507536052194
0.5,0,6,50,50,1.0,1.0,tridiagonal,0.2,,,1.0,500,0.001,5000,1250,5000,1.097461729035931,1.093145160563047,0.9310364973015884,0.9323712598624788,0.0044154136516371,0.0044154136516372,0.0004275916726856,0.0968406827584801
1.0,0,6,50,50,1.0,1.0,tridiagonal,0.2,,,1.0,500,0.001,5000,2500,5000,1.095393117361534,1.090645411092412,0.9310364973015884,0.9304208606940422,0.0044154006665963,0.0044154006665963,0.0004275891126976,0.0968403877664907
2.0,0,6,50,50,1.0,1.0,tridiagonal,0.2,,,1.0,500,0.001,5000,5000,5000,1.0905244429999166,1.0882763321809106,0.9310364973015884,0.9264067811593232,0.0044154111466871,0.0044154111466871,0.0004275893312474,0.0968402074104137
3.0,0,6,50,50,1.0,1.0,tridiagonal,0.2,,,1.0,500,0.001,5000,7500,5000,1.0921485556549866,1.0900308772578768,0.9310364973015884,0.929929682642654,0.0044154116508865,0.0044154116508865,0.0004275874945552,0.0968397803791113
5.0,0,6,50,50,1.0,1.0,tridiagonal,0.2,,,1.0,500,0.001,5000,12500,5000,1.0921399153936435,1.09022652318749,0.9310364973015884,0.9291519955213752,0.0044154130709826,0.0044154130709826,0.0004275966654424,0.0968418262500931
0.5,0,4,50,50,1.0,1.0,tridiagonal,0.5,,,1.0,500,0.001,5000,1250,5000,0.9684042350952262,0.9697209693863004,0.5208333333333334,0.522889729157922,0.0044154911906686,0.0044154911906686,0.0004277705221587,0.096879487170709
1.0,0,4,50,50,1.0,1.0,tridiagonal,0.5,,,1.0,500,0.001,5000,2500,5000,0.9705871059439666,0.9649536130927115,0.5208333333333334,0.5198185546926212,0.0044155131988036,0.0044155131988036,0.0004277884410204,0.0968830624572458
2.0,0,4,50,50,1.0,1.0,tridiagonal,0.5,,,1.0,500,0.001,5000,5000,5000,0.9706093459204508,0.9654058353015929,0.5208333333333334,0.5203553308622908,0.0044155039057656,0.0044155039057656,0.0004277740158391,0.0968799994221604
3.0,0,4,50,50,1.0,1.0,tridiagonal,0.5,,,1.0,500,0.001,5000,7500,5000,0.9651985506060088,0.9627293924898206,0.5208333333333334,0.5187484564010704,0.0044155292228336,0.0044155292228336,0.0004277880291006,0.0968826175780948
5.0,0,4,50,50,1.0,1.0,tridiagonal,0.5,,,1.0,500,0.001,5000,12500,5000,0.9657718445209984,0.969748795713735,0.5208333333333334,0.5204079413372245,0.0044154989712155,0.0044154989712155,0.0004277650827276,0.0968780845644454
0.5,0,6,50,50,1.0,1.0,tridiagonal,0.5,,,1.0,500,0.001,5000,1250,5000,0.98893462053431,0.9836046017210052,0.4083333333333334,0.4094852715378921,0.0044154421557538,0.0044154421557538,0.0004276319742122,0.0968491850029146
1.0,0,6,50,50,1.0,1.0,tridiagonal,0.5,,,1.0,500,0.001,5000,2500,5000,0.9849094244174624,0.9789605684132868,0.4083333333333334,0.4086135571557748,0.0044154156519584,0.0044154156519584,0.0004276322496215,0.0968498287203931
2.0,0,6,50,50,1.0,1.0,tridiagonal,0.5,,,1.0,500,0.001,5000,5000,5000,0.9800087422419954,0.9776900973248176,0.4083333333333334,0.4070527959532702,0.0044154368048258,0.0044154368048258,0.0004276362282898,0.0968502658270232
3.0,0,6,50,50,1.0,1.0,tridiagonal,0.5,,,1.0,500,0.001,5000,7500,5000,0.981368588214536,0.9795265262158364,0.4083333333333334,0.4081886246491627,0.0044154387108801,0.0044154387108801,0.0004276384658974,0.0968507307877843
5.0,0,6,50,50,1.0,1.0,tridiagonal,0.5,,,1.0,500,0.001,5000,12500,5000,0.9827600008012756,0.9801659226855162,0.4083333333333334,0.4083752142397848,0.0044154418777566,0.0044154418777566,0.0004276466403689,0.0968525126609132
0.5,0,4,50,50,10.0,0.0,identity,,,,1.0,500,0.001,5000,1250,5000,1.2525481089075765,1.255171231916175,1.0,1.004254533038861,0.3119456186269159,0.3119456186269159,0.0582491744016876,0.1867286184626722
1.0,0,4,50,50,10.0,0.0,identity,,,,1.0,500,0.001,5000,2500,5000,1.248543967621507,1.2491885133591236,1.0,0.9963076447657666,0.2061592468425118,0.2061592468425118,0.0438219585362647,0.2125636332467834
2.0,0,4,50,50,10.0,0.0,identity,,,,1.0,500,0.001,5000,5000,5000,1.2525031889575229,1.2503994399821896,1.0,0.9972684929503474,0.1048224511659903,0.1048224511659902,0.015220734243046,0.1452049067135762
3.0,0,4,50,50,10.0,0.0,identity,,,,1.0,500,0.001,5000,7500,5000,1.2472665934809617,1.2481109326824056,1.0,0.9985303675510312,0.0909879723981861,0.0909879723981861,0.0122113895627905,0.1342088326724155
5.0,0,4,50,50,10.0,0.0,identity,,,,1.0,500,0.001,5000,12500,5000,1.2485407020546242,1.2526571026609366,1.0,0.9988698818985596,0.0757696842602137,0.0757696842602137,0.0092140923316063,0.1216065821254141
0.5,0,6,50,50,10.0,0.0,identity,,,,1.0,500,0.001,5000,1250,5000,1.1685092334570146,1.1682208747948997,1.0,1.0015095991542753,0.25761186991919,0.25761186991919,0.0505545584223943,0.1962431251256113
1.0,0,6,50,50,10.0,0.0,identity,,,,1.0,500,0.001,5000,2500,5000,1.1685517429146497,1.166015514044167,1.0,0.9989577489163668,0.1613756960869978,0.1613756960869978,0.0226299410683722,0.1402314079325326
2.0,0,6,50,50,10.0,0.0,identity,,,,1.0,500,0.001,5000,5000,5000,1.1645545285948498,1.1625806670240275,1.0,0.9946715873280612,0.1049465644458617,0.1049465644458617,0.0139783388786918,0.1331948211215888
3.0,0,6,50,50,10.0,0.0,identity,,,,1.0,500,0.001,5000,7500,5000,1.166302783532306,1.1640808119425403,1.0,0.9991905859282706,0.0951099135356005,0.0951099135356006,0.0118667084932466,0.1247683659054622
5.0,0,6,50,50,10.0,0.0,identity,,,,1.0,500,0.001,5000,12500,5000,1.1653197207068555,1.164445073286306,1.0,0.9973804662927968,0.0929645862620198,0.0929645862620198,0.0114927943110299,0.1236255091657979
0.5,0,4,50,50,10.0,0.0,toeplitz,0.2,,,1.0,500,0.001,5000,1250,5000,1.1170609950144554,1.1236989377683024,0.9415384615384615,0.945308343755974,0.4927076950349122,0.4927076950349122,0.0887733073049854,0.1801743877750786
1.0,0,4,50,50,10.0,0.0,toeplitz,0.2,,,1.0,500,0.001,5000,2500,5000,1.116730424894559,1.1173873553570972,0.9415384615384615,0.9386062792670185,0.3778363387588183,0.3778363387588182,0.0673551114470062,0.1782653083826345
2.0,0,4,50,50,10.0,0.0,toeplitz,0.2,,,1.0,500,0.001,5000,5000,5000,1.1203643786670765,1.1180861961274913,0.9415384615384615,0.9397119810920324,0.2729396650444352,0.2729396650444351,0.0329634885801058,0.1207720709070969
3.0,0,4,50,50,10.0,0.0,toeplitz,0.2,,,1.0,500,0.001,5000,7500,5000,1.1152022452285848,1.1155351059601022,0.9415384615384615,0.9401282476711708,0.2522400935302596,0.2522400935302596,0.0266518592501946,0.1056606777978273
5.0,0,4,50,50,10.0,0.0,toeplitz,0.2,,,1.0,500,0.001,5000,12500,5000,1.1166445882009657,1.1204753761623405,0.9415384615384615,0.9408084020563688,0.2291100732162815,0.2291100732162815,0.0202794627492307,0.0885140599212624
0.5,0,6,50,50,10.0,0.0,toeplitz,0.2,,,1.0,500,0.001,5000,1250,5000,1.080904616815472,1.0801497828499855,0.9353846153846154,0.9367410645929896,0.3840012519866121,0.3840012519866121,0.0802998762291892,0.2091135792234054
1.0,0,6,50,50,10.0,0.0,toeplitz,0.2,,,1.0,500,0.001,5000,2500,5000,1.079832481435454,1.0771542864725692,0.9353846153846154,0.934791771592436,0.2721883766367083,0.2721883766367084,0.0368805833453375,0.1354965403043727
2.0,0,6,50,50,10.0,0.0,toeplitz,0.2,,,1.0,500,0.001,5000,5000,5000,1.0756397013168453,1.0742304746393323,0.9353846153846154,0.930700934654486,0.2136328015400559,0.2136328015400559,0.026886703010531,0.1258547508468161
3.0,0,6,50,50,10.0,0.0,toeplitz,0.2,,,1.0,500,0.001,5000,7500,5000,1.0775246013945137,1.0760507119298768,0.9353846153846154,0.934132262861936,0.1939314642534171,0.1939314642534171,0.0256883478846975,0.132460959770456
5.0,0,6,50,50,10.0,0.0,toeplitz,0.2,,,1.0,500,0.001,5000,12500,5000,1.0776407061647908,1.076129431959389,0.9353846153846154,0.9335338891160404,0.1802934825509525,0.1802934825509524,0.0183218609986733,0.1016224255000202
0.5,0,4,50,50,10.0,0.0,toeplitz,0.5,,,1.0,500,0.001,5000,1250,5000,0.8242188234672467,0.8374420891168487,0.675,0.6773668761523542,1.0530320331479055,1.053032033147906,0.1269715373515512,0.1205770891622222
1.0,0,4,50,50,10.0,0.0,toeplitz,0.5,,,1.0,500,0.001,5000,2500,5000,0.829215994972528,0.8314313957096793,0.675,0.6734119966296875,0.8999583980751831,0.8999583980751829,0.1026629654733609,0.1140752346918867
2.0,0,4,50,50,10.0,0.0,toeplitz,0.5,,,1.0,500,0.001,5000,5000,5000,0.8325686089957722,0.8310268047730192,0.675,0.6741579487664282,0.7830019849325204,0.7830019849325202,0.0700380330030204,0.0894480912574651
3.0,0,4,50,50,10.0,0.0,toeplitz,0.5,,,1.0,500,0.001,5000,7500,5000,0.828023676383865,0.8283537671128137,0.675,0.67302363444799,0.75885630751932,0.7588563075193199,0.0632209668598911,0.0833108537590715
5.0,0,4,50,50,10.0,0.0,toeplitz,0.5,,,1.0,500,0.001,5000,12500,5000,0.8294703157111596,0.832940455362876,0.675,0.6748520782576668,0.7309371566387963,0.7309371566387965,0.0519889958520157,0.0711264920380931
0.5,0,6,50,50,10.0,0.0,toeplitz,0.5,,,1.0,500,0.001,5000,1250,5000,0.8636490401919473,0.8670748112632848,0.65,0.6511502881237284,0.7818075768954246,0.7818075768954247,0.1242650698410378,0.158945849993546
1.0,0,6,50,50,10.0,0.0,toeplitz,0.5,,,1.0,500,0.001,5000,2500,5000,0.8618793339583033,0.8624411213565895,0.65,0.6501232231742079,0.6653749700844626,0.6653749700844624,0.0835391033744745,0.1255519175358672
2.0,0,6,50,50,10.0,0.0,toeplitz,0.5,,,1.0,500,0.001,5000,5000,5000,0.8586668836736578,0.8600694376464136,0.65,0.6470999483655112,0.6049659437028014,0.6049659437028013,0.0788710168098962,0.1303726559005159
3.0,0,6,50,50,10.0,0.0,toeplitz,0.5,,,1.0,500,0.001,5000,7500,5000,0.8613586156759769,0.8620546688022681,0.65,0.6485816468171962,0.5474046663083447,0.5474046663083445,0.0727713242360647,0.132938808736924
5.0,0,6,50,50,10.0,0.0,toeplitz,0.5,,,1.0,500,0.001,5000,12500,5000,0.8634702533738945,0.8616903101511347,0.65,0.6496383140228913,0.5102462185138228,0.5102462185138229,0.0436151018756814,0.0854785401501215
0.5,0,4,50,50,10.0,0.0,toeplitz,0.8,,,1.0,500,0.001,5000,1250,5000,0.3905581309389404,0.3993217626745983,0.2897560975609755,0.2905873748521639,2.0011937333400516,2.001193733340052,0.1825687748597695,0.0912299353221823
1.0,0,4,50,50,10.0,0.0,toeplitz,0.8,,,1.0,500,0.001,5000,2500,5000,0.395579967100255,0.396433843217334,0.2897560975609755,0.2891994571616683,1.8570314305315176,1.8570314305315176,0.1564489113151374,0.0842467761950365
2.0,0,4,50,50,10.0,0.0,toeplitz,0.8,,,1.0,500,0.001,5000,5000,5000,0.3974420956721479,0.3957896779793864,0.2897560975609755,0.2893972499642421,1.7380617331701589,1.7380617331701589,0.1398387643212696,0.0804567304213119
3.0,0,4,50,50,10.0,0.0,toeplitz,0.8,,,1.0,500,0.001,5000,7500,5000,0.3945349252602295,0.3940271935330877,0.2897560975609755,0.288215164539261,1.7272240843163345,1.727224084316335,0.1316622087943193,0.0762276360026751
5.0,0,4,50,50,10.0,0.0,toeplitz,0.8,,,1.0,500,0.001,5000,12500,5000,0.3952773003007653,0.396836356964642,0.2897560975609755,0.2898603934998214,1.7149087045792817,1.7149087045792817,0.1239493138649481,0.0722774999823425
0.5,0,6,50,50,10.0,0.0,toeplitz,0.8,,,1.0,500,0.001,5000,1250,5000,0.4559517113209301,0.4626245501739525,0.2663414634146341,0.2670365149389226,1.7331230994339089,1.7331230994339093,0.298353782741164,0.1721480619804879
1.0,0,6,50,50,10.0,0.0,toeplitz,0.8,,,1.0,500,0.001,5000,2500,5000,0.4548841966451744,0.458528971700316,0.2663414634146341,0.2666618308565526,1.536725117414346,1.536725117414346,0.1656413517316108,0.1077885367100101
2.0,0,6,50,50,10.0,0.0,toeplitz,0.8,,,1.0,500,0.001,5000,5000,5000,0.4537142572568688,0.4568218003383049,0.2663414634146341,0.2653005744819174,1.492446465609098,1.4924464656090974,0.1622883097332703,0.1087397862991603
3.0,0,6,50,50,10.0,0.0,toeplitz,0.8,,,1.0,500,0.001,5000,7500,5000,0.4561839607795235,0.4580692097161407,0.2663414634146341,0.2655666133749851,1.4221521588151722,1.422152158815172,0.1319240546657106,0.0927636707844396
5.0,0,6,50,50,10.0,0.0,toeplitz,0.8,,,1.0,500,0.001,5000,12500,5000,0.4590573089461633,0.4578545611087042,0.2663414634146341,0.2665778991212906,1.3261067898131,1.3261067898130996,0.1003212791351293,0.0756509806795187
0.5,0,4,50,50,10.0,0.0,tridiagonal,0.2,,,1.0,500,0.001,5000,1250,5000,1.1340206386453633,1.1409672814251324,0.9382971014492754,0.94208208959476,0.4755991103232386,0.4755991103232387,0.0865861448395844,0.1820569949778429
1.0,0,4,50,50,10.0,0.0,tridiagonal,0.2,,,1.0,500,0.001,5000,2500,5000,1.133694829750142,1.134534448778686,0.9382971014492754,0.935381205186696,0.3597682637472676,0.3597682637472677,0.0647099317947824,0.179865592147506
2.0,0,4,50,50,10.0,0.0,tridiagonal,0.2,,,1.0,500,0.001,5000,5000,5000,1.1374196090374111,1.135024070679014,0.9382971014492754,0.9364845394341778,0.2501952838809306,0.2501952838809306,0.0308114973039351,0.1231497925380502
3.0,0,4,50,50,10.0,0.0,tridiagonal,0.2,,,1.0,500,0.001,5000,7500,5000,1.132161619847651,1.1323883749509969,0.9382971014492754,0.9369907658143732,0.2292921518870901,0.22929215188709,0.0248165927564431,0.1082313221460082
5.0,0,4,50,50,10.0,0.0,tridiagonal,0.2,,,1.0,500,0.001,5000,12500,5000,1.1336012892338443,1.1375685200340175,0.9382971014492754,0.9374945137248272,0.2054781291416249,0.2054781291416249,0.0185666983288051,0.0903585136109941
0.5,0,6,50,50,10.0,0.0,tridiagonal,0.2,,,1.0,500,0.001,5000,1250,5000,1.0950848042243884,1.0945087496796622,0.9310364973015884,0.9323712598624788,0.3708300045060818,0.3708300045060819,0.0809447342299597,0.2182798944162356
1.0,0,6,50,50,10.0,0.0,tridiagonal,0.2,,,1.0,500,0.001,5000,2500,5000,1.0941755796580268,1.091189275668116,0.9310364973015884,0.9304208606940422,0.2548079422565369,0.2548079422565369,0.0353037709869706,0.1385505124931595
2.0,0,6,50,50,10.0,0.0,tridiagonal,0.2,,,1.0,500,0.001,5000,5000,5000,1.0898820149214057,1.088262524667487,0.9310364973015884,0.9264067811593232,0.1975811535984478,0.1975811535984479,0.0253167852907148,0.1281336039881981
3.0,0,6,50,50,10.0,0.0,tridiagonal,0.2,,,1.0,500,0.001,5000,7500,5000,1.0915928330324902,1.08998043336443,0.9310364973015884,0.929929682642654,0.1791167643700236,0.1791167643700236,0.0250590999064348,0.1399037102672711
5.0,0,6,50,50,10.0,0.0,tridiagonal,0.2,,,1.0,500,0.001,5000,12500,5000,1.0916603104822309,1.0901374209288737,0.9310364973015884,0.9291519955213752,0.1643242448649846,0.1643242448649846,0.0175600613556491,0.1068622671601335
0.5,0,4,50,50,10.0,0.0,tridiagonal,0.5,,,1.0,500,0.001,5000,1250,5000,0.9454359164562538,0.9683407578137088,0.5208333333333334,0.522889729157922,0.9497000640196436,0.9497000640196436,0.1449233727249668,0.1525990975630483
1.0,0,4,50,50,10.0,0.0,tridiagonal,0.5,,,1.0,500,0.001,5000,2500,5000,0.9539579828537996,0.9600423551529842,0.5208333333333334,0.5198185546926212,0.7725007997141033,0.7725007997141031,0.1001525014673508,0.1296471168760168
2.0,0,4,50,50,10.0,0.0,tridiagonal,0.5,,,1.0,500,0.001,5000,5000,5000,0.958717818670506,0.9569928392200382,0.5208333333333334,0.5203553308622908,0.5975776374323536,0.5975776374323537,0.0693270652078277,0.116013486558348
3.0,0,4,50,50,10.0,0.0,tridiagonal,0.5,,,1.0,500,0.001,5000,7500,5000,0.9535165069520172,0.9538476272143022,0.5208333333333334,0.5187484564010704,0.5747148593401558,0.5747148593401558,0.0651129582336901,0.1132961105415787
5.0,0,4,50,50,10.0,0.0,tridiagonal,0.5,,,1.0,500,0.001,5000,12500,5000,0.955055996598942,0.960365507981916,0.5208333333333334,0.5204079413372245,0.5403698493294428,0.5403698493294428,0.0495840905997388,0.091759543322539
0.5,0,6,50,50,10.0,0.0,tridiagonal,0.5,,,1.0,500,0.001,5000,1250,5000,0.9810938995661636,0.9868267426329528,0.4083333333333334,0.4094852715378921,0.613340259640267,0.613340259640267,0.115886552783532,0.1889433327782871
1.0,0,6,50,50,10.0,0.0,tridiagonal,0.5,,,1.0,500,0.001,5000,2500,5000,0.9799443079735972,0.978621911706671,0.4083333333333334,0.4086135571557748,0.4800543700175801,0.48005437001758,0.078401938084425,0.1633188717385364
2.0,0,6,50,50,10.0,0.0,tridiagonal,0.5,,,1.0,500,0.001,5000,5000,5000,0.9764131392698971,0.976769921589736,0.4083333333333334,0.4070527959532702,0.4188581590047786,0.4188581590047786,0.0606323753997203,0.1447563431587079
3.0,0,6,50,50,10.0,0.0,tridiagonal,0.5,,,1.0,500,0.001,5000,7500,5000,0.9782301759077534,0.9783142644046948,0.4083333333333334,0.4081886246491627,0.3716733679763531,0.3716733679763531,0.0680291987817255,0.18303490280222
5.0,0,6,50,50,10.0,0.0,tridiagonal,0.5,,,1.0,500,0.001,5000,12500,5000,0.9801763673444,0.9783277486439904,0.4083333333333334,0.4083752142397848,0.3334956660046388,0.3334956660046388,0.0389045889583164,0.1166569551694721
0.5,0,4,50,50,10.0,0.1,identity,,,,1.0,500,0.001,5000,1250,5000,1.254552473838832,1.2519117208506865,1.0,1.004254533038861,0.0044542331570914,0.0044542331570914,0.0004409238795751,0.0989898516814665
1.0,0,4,50,50,10.0,0.1,identity,,,,1.0,500,0.001,5000,2500,5000,1.2492618819551096,1.2473086933948976,1.0,0.9963076447657666,0.0044542216500437,0.0044542216500437,0.0004408885330004,0.0989821718899312
2.0,0,4,50,50,10.0,0.1,identity,,,,1.0,500,0.001,5000,5000,5000,1.2525247562344968,1.2497265971803482,1.0,0.9972684929503474,0.0044520468809956,0.0044520468809956,0.0004403173914221,0.0989022360258008
3.0,0,4,50,50,10.0,0.1,identity,,,,1.0,500,0.001,5000,7500,5000,1.2471704772553756,1.2476415125292044,1.0,0.9985303675510312,0.0044523958107328,0.0044523958107328,0.0004407785169727,0.0989980531178892
5.0,0,4,50,50,10.0,0.1,identity,,,,1.0,500,0.001,5000,12500,5000,1.248354953616806,1.2523177821672846,1.0,0.9988698818985596,0.0044517698736932,0.0044517698736932,0.0004397977017746,0.0987916523658363
0.5,0,6,50,50,10.0,0.1,identity,,,,1.0,500,0.001,5000,1250,5000,1.1697056024122754,1.166209894783363,1.0,1.0015095991542753,0.004446807295762,0.004446807295762,0.0004394062689655,0.0988138769549002
1.0,0,6,50,50,10.0,0.1,identity,,,,1.0,500,0.001,5000,2500,5000,1.1688137500361726,1.1650185619184354,1.0,0.9989577489163668,0.0044456627379442,0.0044456627379442,0.0004392083338979,0.0987947938896104
2.0,0,6,50,50,10.0,0.1,identity,,,,1.0,500,0.001,5000,5000,5000,1.164474932255725,1.162199911048247,1.0,0.9946715873280612,0.0044452326182156,0.0044452326182156,0.00043928715962,0.098822085894891
3.0,0,6,50,50,10.0,0.1,identity,,,,1.0,500,0.001,5000,7500,5000,1.166190751496143,1.1637550766062494,1.0,0.9991905859282706,0.0044449261981255,0.0044449261981255,0.0004391596518643,0.0988002122621422
5.0,0,6,50,50,10.0,0.1,identity,,,,1.0,500,0.001,5000,12500,5000,1.1652140369771409,1.1640701785223166,1.0,0.9973804662927968,0.0044451528045324,0.0044451528045324,0.0004399123492611,0.0989645055199463
0.5,0,4,50,50,10.0,0.1,toeplitz,0.2,,,1.0,500,0.001,5000,1250,5000,1.1235821088522395,1.1225866684164485,0.9415384615384615,0.945308343755974,0.0044657217748464,0.0044657217748464,0.0004470088435083,0.1000977817351094
1.0,0,4,50,50,10.0,0.1,toeplitz,0.2,,,1.0,500,0.001,5000,2500,5000,1.1210578016640678,1.1178647927731622,0.9415384615384615,0.9386062792670185,0.0044655581103334,0.0044655581103334,0.0004473998517467,0.1001890112484301
2.0,0,4,50,50,10.0,0.1,toeplitz,0.2,,,1.0,500,0.001,5000,5000,5000,1.123169030906641,1.1195807319815307,0.9415384615384615,0.9397119810920324,0.0044622871584411,0.0044622871584411,0.00044705200841,0.1001845001311402
3.0,0,4,50,50,10.0,0.1,toeplitz,0.2,,,1.0,500,0.001,5000,7500,5000,1.1177910846342356,1.1173788618650793,0.9415384615384615,0.9401282476711708,0.0044639549384833,0.0044639549384833,0.0004478592838785,0.1003279132631052
5.0,0,4,50,50,10.0,0.1,toeplitz,0.2,,,1.0,500,0.001,5000,12500,5000,1.1188568821308658,1.122733023277185,0.9415384615384615,0.9408084020563688,0.0044618813767805,0.0044618813767805,0.0004465374625493,0.1000782909364524
0.5,0,6,50,50,10.0,0.1,toeplitz,0.2,,,1.0,500,0.001,5000,1250,5000,1.083472358091336,1.0790645318682843,0.9353846153846154,0.9367410645929896,0.0044490918279629,0.0044490918279629,0.0004419351270121,0.0993315364350321
1.0,0,6,50,50,10.0,0.1,toeplitz,0.2,,,1.0,500,0.001,5000,2500,5000,1.0812327201711642,1.076799680528252,0.9353846153846154,0.934791771592436,0.0044461777492868,0.0044461777492868,0.0004411270130353,0.0992148847639123
2.0,0,6,50,50,10.0,0.1,toeplitz,0.2,,,1.0,500,0.001,5000,5000,5000,1.076446261211984,1.0744382686178944,0.9353846153846154,0.930700934654486,0.0044461973755809,0.0044461973755809,0.0004417196777911,0.0993477438084735
3.0,0,6,50,50,10.0,0.1,toeplitz,0.2,,,1.0,500,0.001,5000,7500,5000,1.0782377497281248,1.0763104447388625,0.9353846153846154,0.934132262861936,0.0044459908021101,0.0044459908021101,0.0004412785116078,0.0992531319224573
5.0,0,6,50,50,10.0,0.1,toeplitz,0.2,,,1.0,500,0.001,5000,12500,5000,1.078291689954599,1.076361823247049,0.9353846153846154,0.9335338891160404,0.0044464820990247,0.0044464820990247,0.0004420065247289,0.0994058932174513
0.5,0,4,50,50,10.0,0.1,toeplitz,0.5,,,1.0,500,0.001,5000,1250,5000,0.8517930619050256,0.8524590739276322,0.675,0.6773668761523542,0.0045174956428348,0.0045174956428348,0.0004629281049699,0.102474499494905
1.0,0,4,50,50,10.0,0.1,toeplitz,0.5,,,1.0,500,0.001,5000,2500,5000,0.8529519750960886,0.848210504902418,0.675,0.6734119966296875,0.0045174595959322,0.0045174595959322,0.0004635777189737,0.1026191179199854
2.0,0,4,50,50,10.0,0.1,toeplitz,0.5,,,1.0,500,0.001,5000,5000,5000,0.8531165755511116,0.8490781732195006,0.675,0.6741579487664282,0.0045129433179274,0.0045129433179274,0.0004636472422351,0.1027372181683152
3.0,0,4,50,50,10.0,0.1,toeplitz,0.5,,,1.0,500,0.001,5000,7500,5000,0.8483164662960486,0.8471270176652335,0.675,0.67302363444799,0.0045149352993071,0.0045149352993071,0.000464408865848,0.1028605805091721
5.0,0,4,50,50,10.0,0.1,toeplitz,0.5,,,1.0,500,0.001,5000,12500,5000,0.8490119537137423,0.852299329636171,0.675,0.6748520782576668,0.0045120023902212,0.0045120023902212,0.000463054623081,0.1026273000396867
0.5,0,6,50,50,10.0,0.1,toeplitz,0.5,,,1.0,500,0.001,5000,1250,5000,0.8744793007049133,0.8688102314693202,0.65,0.6511502881237284,0.0044635412620407,0.0044635412620407,0.0004485515655652,0.1004923085129384
1.0,0,6,50,50,10.0,0.1,toeplitz,0.5,,,1.0,500,0.001,5000,2500,5000,0.8699035930827207,0.8661862633581946,0.65,0.6501232231742079,0.004457117610343,0.004457117610343,0.0004466238806966,0.1002046433911057
2.0,0,6,50,50,10.0,0.1,toeplitz,0.5,,,1.0,500,0.001,5000,5000,5000,0.8654418131126195,0.8644492588485951,0.65,0.6470999483655112,0.0044573651290644,0.0044573651290644,0.0004478267822961,0.1004689473106096
3.0,0,6,50,50,10.0,0.1,toeplitz,0.5,,,1.0,500,0.001,5000,7500,5000,0.8675989121872429,0.866901218397079,0.65,0.6485816468171962,0.0044579186510135,0.0044579186510135,0.0004476522399871,0.1004173191642639
5.0,0,6,50,50,10.0,0.1,toeplitz,0.5,,,1.0,500,0.001,5000,12500,5000,0.8692845483116428,0.8665288792774448,0.65,0.6496383140228913,0.0044586436001049,0.0044586436001049,0.000447998578746,0.1004786699559184
0.5,0,4,50,50,10.0,0.1,toeplitz,0.8,,,1.0,500,0.001,5000,1250,5000,0.463627110434965,0.4639971473784617,0.2897560975609755,0.2905873748521639,0.0046237771239247,0.0046237771239247,0.0004906742748998,0.1061197937852589
1.0,0,4,50,50,10.0,0.1,toeplitz,0.8,,,1.0,500,0.001,5000,2500,5000,0.4657749085096471,0.4615220830052043,0.2897560975609755,0.2891994571616683,0.0046205902371244,0.0046205902371244,0.0004907222219846,0.1062033629474166
2.0,0,4,50,50,10.0,0.1,toeplitz,0.8,,,1.0,500,0.001,5000,5000,5000,0.4645462457768957,0.4617041556257327,0.2897560975609755,0.2893972499642421,0.0046184754043083,0.0046184754043083,0.000491183968745,0.1063519724034524
3.0,0,4,50,50,10.0,0.1,toeplitz,0.8,,,1.0,500,0.001,5000,7500,5000,0.4616623238944209,0.4607426171883646,0.2897560975609755,0.288215164539261,0.0046191107825949,0.0046191107825949,0.0004916749524027,0.1064436372159272
5.0,0,4,50,50,10.0,0.1,toeplitz,0.8,,,1.0,500,0.001,5000,12500,5000,0.4618835293838364,0.463886326180421,0.2897560975609755,0.2898603934998214,0.0046170028849024,0.0046170028849024,0.0004909631674954,0.1063380681655822
0.5,0,6,50,50,10.0,0.1,toeplitz,0.8,,,1.0,500,0.001,5000,1250,5000,0.4873002630607263,0.4822776058255298,0.2663414634146341,0.2670365149389226,0.0045035862540742,0.0045035862540742,0.0004604431657233,0.1022392244196014
1.0,0,6,50,50,10.0,0.1,toeplitz,0.8,,,1.0,500,0.001,5000,2500,5000,0.4822031091133765,0.48092433719543,0.2663414634146341,0.2666618308565526,0.0044976994543811,0.0044976994543811,0.0004590312394344,0.1020591180202722
2.0,0,6,50,50,10.0,0.1,toeplitz,0.8,,,1.0,500,0.001,5000,5000,5000,0.4796970685776803,0.4797428081210075,0.2663414634146341,0.2653005744819174,0.0044979948048849,0.0044979948048849,0.0004601185814849,0.1022941558281152
3.0,0,6,50,50,10.0,0.1,toeplitz,0.8,,,1.0,500,0.001,5000,7500,5000,0.48153120062318,0.4820489339003248,0.2663414634146341,0.2655666133749851,0.0044989184446218,0.0044989184446218,0.0004604490516586,0.1023466100411503
5.0,0,6,50,50,10.0,0.1,toeplitz,0.8,,,1.0,500,0.001,5000,12500,5000,0.4837721870627765,0.4812676693184226,0.2663414634146341,0.2665778991212906,0.0044995230233842,0.0044995230233842,0.0004605232784153,0.1023493548142741
0.5,0,4,50,50,10.0,0.1,tridiagonal,0.2,,,1.0,500,0.001,5000,1250,5000,1.1400869821232364,1.1390802978482222,0.9382971014492754,0.94208208959476,0.0044635120467861,0.0044635120467861,0.0004460344702858,0.0999290391984046
1.0,0,4,50,50,10.0,0.1,tridiagonal,0.2,,,1.0,500,0.001,5000,2500,5000,1.1375184020116642,1.1343126391266989,0.9382971014492754,0.935381205186696,0.0044633849135165,0.0044633849135165,0.0004464380787635,0.1000223120823765
2.0,0,4,50,50,10.0,0.1,tridiagonal,0.2,,,1.0,500,0.001,5000,5000,5000,1.1396870982221643,1.135975146232889,0.9382971014492754,0.9364845394341778,0.0044601077304763,0.0044601077304763,0.0004460732626863,0.100014010791323
3.0,0,4,50,50,10.0,0.1,tridiagonal,0.2,,,1.0,500,0.001,5000,7500,5000,1.1342284020498097,1.1336770585999756,0.9382971014492754,0.9369907658143732,0.0044620465759638,0.0044620465759638,0.0004470245288299,0.1001837433158972
5.0,0,4,50,50,10.0,0.1,tridiagonal,0.2,,,1.0,500,0.001,5000,12500,5000,1.1353033424132146,1.1392699412172431,0.9382971014492754,0.9374945137248272,0.0044598012169731,0.0044598012169731,0.0004456418517216,0.0999241513333935
0.5,0,6,50,50,10.0,0.1,tridiagonal,0.2,,,1.0,500,0.001,5000,1250,5000,1.0974613318131248,1.0931479660885737,0.9310364973015884,0.9323712598624788,0.0044487925898991,0.0044487925898991,0.0004416064209647,0.0992643311732171
1.0,0,6,50,50,10.0,0.1,tridiagonal,0.2,,,1.0,500,0.001,5000,2500,5000,1.09539370581852,1.090648830983847,0.9310364973015884,0.9304208606940422,0.0044460632117101,0.0044460632117101,0.0004408969023091,0.0991656846326138
2.0,0,6,50,50,10.0,0.1,tridiagonal,0.2,,,1.0,500,0.001,5000,5000,5000,1.090527175159447,1.0882790899936636,0.9310364973015884,0.9264067811593232,0.0044461549098033,0.0044461549098033,0.0004414748093178,0.0992936184801829
3.0,0,6,50,50,10.0,0.1,tridiagonal,0.2,,,1.0,500,0.001,5000,7500,5000,1.0921529827299945,1.0900339132622718,0.9310364973015884,0.929929682642654,0.0044458443138913,0.0044458443138913,0.0004409807981328,0.0991894378206211
5.0,0,6,50,50,10.0,0.1,tridiagonal,0.2,,,1.0,500,0.001,5000,12500,5000,1.0921440906800373,1.090228809177867,0.9310364973015884,0.9291519955213752,0.0044462922363504,0.0044462922363504,0.0004417675174713,0.0993563836986812
0.5,0,4,50,50,10.0,0.1,tridiagonal,0.5,,,1.0,500,0.001,5000,1250,5000,0.9682437050571928,0.9695813910108824,0.5208333333333334,0.522889729157922,0.0044927501817831,0.0044927501817831,0.0004553690960298,0.10135642481886
1.0,0,4,50,50,10.0,0.1,tridiagonal,0.5,,,1.0,500,0.001,5000,2500,5000,0.9704405627917853,0.9648117708277064,0.5208333333333334,0.5198185546926212,0.004494379869415,0.004494379869415,0.000456652446809,0.1016052180895228
2.0,0,4,50,50,10.0,0.1,tridiagonal,0.5,,,1.0,500,0.001,5000,5000,5000,0.9704748432204824,0.9652732187670856,0.5208333333333334,0.5203553308622908,0.0044877976960476,0.0044877976960476,0.0004560809858146,0.1016269040416696
3.0,0,4,50,50,10.0,0.1,tridiagonal,0.5,,,1.0,500,0.001,5000,7500,5000,0.9650614589800216,0.9625864480814272,0.5208333333333334,0.5187484564010704,0.0044909586132482,0.0044909586132482,0.0004576742862588,0.1019101545288652
5.0,0,4,50,50,10.0,0.1,tridiagonal,0.5,,,1.0,500,0.001,5000,12500,5000,0.9656363953147392,0.9696117609679455,0.5208333333333334,0.5204079413372245,0.004486538557661,0.004486538557661,0.0004555900258418,0.1015459958688798
0.5,0,6,50,50,10.0,0.1,tridiagonal,0.5,,,1.0,500,0.001,5000,1250,5000,0.988905597767812,0.9835797326848602,0.4083333333333334,0.4094852715378921,0.0044573664778599,0.0044573664778599,0.0004453081533523,0.0999038682514055
1.0,0,6,50,50,10.0,0.1,tridiagonal,0.5,,,1.0,500,0.001,5000,2500,5000,0.9848805025066868,0.9789358358063832,0.4083333333333334,0.4086135571557748,0.0044514653302366,0.0044514653302366,0.0004440112585686,0.0997449661244666
2.0,0,6,50,50,10.0,0.1,tridiagonal,0.5,,,1.0,500,0.001,5000,5000,5000,0.9799829215525596,0.9776644290868464,0.4083333333333334,0.4070527959532702,0.0044517688756916,0.0044517688756916,0.0004451086154624,0.0999846640495931
3.0,0,6,50,50,10.0,0.1,tridiagonal,0.5,,,1.0,500,0.001,5000,7500,5000,0.9813467202838912,0.9795013467971956,0.4083333333333334,0.4081886246491627,0.0044521716985882,0.0044521716985882,0.0004451654028357,0.0999883726355178
5.0,0,6,50,50,10.0,0.1,tridiagonal,0.5,,,1.0,500,0.001,5000,12500,5000,0.9827376263586284,0.9801411281664038,0.4083333333333334,0.4083752142397848,0.0044531425820877,0.0044531425820877,0.0004457100548692,0.1000888803026479
0.5,0,4,50,50,10.0,1.0,identity,,,,1.0,500,0.001,5000,1250,5000,1.2545571545885787,1.25191357815168,1.0,1.004254533038861,0.004419109784723,0.004419109784723,0.000428933594472,0.0970633488117661
1.0,0,4,50,50,10.0,1.0,identity,,,,1.0,500,0.001,5000,2500,5000,1.2492646094356463,1.247309983758515,1.0,0.9963076447657666,0.004419171153547,0.004419171153547,0.0004289331243216,0.097061894508735
2.0,0,4,50,50,10.0,1.0,identity,,,,1.0,500,0.001,5000,5000,5000,1.2525262766946268,1.2497279180523575,1.0,0.9972684929503474,0.0044189876702366,0.0044189876702366,0.0004288726538794,0.0970522404414166
3.0,0,4,50,50,10.0,1.0,identity,,,,1.0,500,0.001,5000,7500,5000,1.2471722286566835,1.2476430746750318,1.0,0.9985303675510312,0.0044190173334421,0.0044190173334421,0.0004289190406475,0.0970620860437875
5.0,0,4,50,50,10.0,1.0,identity,,,,1.0,500,0.001,5000,12500,5000,1.248355940135356,1.252319157025751,1.0,0.9988698818985596,0.0044189717093016,0.0044189717093016,0.0004288136844565,0.0970392463825743
0.5,0,6,50,50,10.0,1.0,identity,,,,1.0,500,0.001,5000,1250,5000,1.1697089264675335,1.1662119275710263,1.0,1.0015095991542753,0.0044184301041393,0.0044184301041393,0.0004287601957307,0.097039035500198
1.0,0,6,50,50,10.0,1.0,identity,,,,1.0,500,0.001,5000,2500,5000,1.168815672472912,1.1650202246849404,1.0,0.9989577489163668,0.0044183541555008,0.0044183541555008,0.0004287461691963,0.0970375289320329
2.0,0,6,50,50,10.0,1.0,identity,,,,1.0,500,0.001,5000,5000,5000,1.164475758754032,1.162200926945696,1.0,0.9946715873280612,0.0044183404215383,0.0044183404215383,0.00042874651739,0.0970379093697771
3.0,0,6,50,50,10.0,1.0,identity,,,,1.0,500,0.001,5000,7500,5000,1.1661919528159568,1.1637565302336357,1.0,0.9991905859282706,0.0044183007117676,0.0044183007117676,0.0004287374470516,0.0970367286024123
5.0,0,6,50,50,10.0,1.0,identity,,,,1.0,500,0.001,5000,12500,5000,1.1652159176463084,1.1640711631316427,1.0,0.9973804662927968,0.0044183033750015,0.0044183033750015,0.0004288153853436,0.0970543099801203
0.5,0,4,50,50,10.0,1.0,toeplitz,0.2,,,1.0,500,0.001,5000,1250,5000,1.1236240125550638,1.1226219277025171,0.9415384615384615,0.945308343755974,0.0044191202558628,0.0044191202558628,0.0004296248691413,0.0972195469384092
1.0,0,4,50,50,10.0,1.0,toeplitz,0.2,,,1.0,500,0.001,5000,2500,5000,1.1210965926582055,1.1178983642712257,0.9415384615384615,0.9386062792670185,0.0044192269982279,0.0044192269982279,0.0004296749241385,0.0972285253305373
2.0,0,4,50,50,10.0,1.0,toeplitz,0.2,,,1.0,500,0.001,5000,5000,5000,1.12320243515629,1.1196140774013672,0.9415384615384615,0.9397119810920324,0.004419072038638,0.004419072038638,0.0004296245283059,0.097220530588682
3.0,0,4,50,50,10.0,1.0,toeplitz,0.2,,,1.0,500,0.001,5000,7500,5000,1.117826223845187,1.117413446388645,0.9415384615384615,0.9401282476711708,0.0044191907073467,0.0044191907073467,0.0004296962790995,0.0972341561058277
5.0,0,4,50,50,10.0,1.0,toeplitz,0.2,,,1.0,500,0.001,5000,12500,5000,1.1188886169944798,1.122767378580949,0.9415384615384615,0.9408084020563688,0.0044190750452186,0.0044190750452186,0.0004295738636461,0.0972089994513474
0.5,0,6,50,50,10.0,1.0,toeplitz,0.2,,,1.0,500,0.001,5000,1250,5000,1.083485844350504,1.079075867635652,0.9353846153846154,0.9367410645929896,0.004418364024993,0.004418364024993,0.0004290336260751,0.0971023717485275
1.0,0,6,50,50,10.0,1.0,toeplitz,0.2,,,1.0,500,0.001,5000,2500,5000,1.0812432096141846,1.0768093441387487,0.9353846153846154,0.934791771592436,0.0044181622978964,0.0044181622978964,0.0004289693711347,0.0970922619431495
2.0,0,6,50,50,10.0,1.0,toeplitz,0.2,,,1.0,500,0.001,5000,5000,5000,1.0764542668696504,1.0744469638001086,0.9353846153846154,0.930700934654486,0.0044182386879665,0.0044182386879665,0.0004290154390286,0.0971010100013529
3.0,0,6,50,50,10.0,1.0,toeplitz,0.2,,,1.0,500,0.001,5000,7500,5000,1.078246890791278,1.0763202960378222,0.9353846153846154,0.934132262861936,0.004418186038783,0.004418186038783,0.0004289729149774,0.0970925423266242
5.0,0,6,50,50,10.0,1.0,toeplitz,0.2,,,1.0,500,0.001,5000,12500,5000,1.078302256179046,1.0763705141015203,0.9353846153846154,0.9335338891160404,0.0044181902860509,0.0044181902860509,0.0004290469631113,0.0971092088237923
0.5,0,4,50,50,10.0,1.0,toeplitz,0.5,,,1.0,500,0.001,5000,1250,5000,0.8519487702096711,0.8526054991428398,0.675,0.6773668761523542,0.0044205100616679,0.0044205100616679,0.0004313359549608,0.0975760599893625
1.0,0,4,50,50,10.0,1.0,toeplitz,0.5,,,1.0,500,0.001,5000,2500,5000,0.8531061523965189,0.8483562335322247,0.675,0.6734119966296875,0.0044206151246615,0.0044206151246615,0.000431405707564,0.0975895198741227
2.0,0,4,50,50,10.0,1.0,toeplitz,0.5,,,1.0,500,0.001,5000,5000,5000,0.8532625997164704,0.849224222101606,0.675,0.6741579487664282,0.0044204647711816,0.0044204647711816,0.000431380316855,0.0975870952908207
3.0,0,4,50,50,10.0,1.0,toeplitz,0.5,,,1.0,500,0.001,5000,7500,5000,0.8484647523176969,0.847274551895215,0.675,0.67302363444799,0.004420595469778,0.004420595469778,0.000431454460538,0.0976009823761798
5.0,0,4,50,50,10.0,1.0,toeplitz,0.5,,,1.0,500,0.001,5000,12500,5000,0.849155689641089,0.8524470506627706,0.675,0.6748520782576668,0.0044204369426248,0.0044204369426248,0.0004313311844999,0.0975765948249979
0.5,0,6,50,50,10.0,1.0,toeplitz,0.5,,,1.0,500,0.001,5000,1250,5000,0.8745327436685184,0.8688584601055751,0.65,0.6511502881237284,0.0044185667910057,0.0044185667910057,0.0004297083756768,0.0972506235622633
1.0,0,6,50,50,10.0,1.0,toeplitz,0.5,,,1.0,500,0.001,5000,2500,5000,0.8699497127625487,0.8662307049314826,0.65,0.6501232231742079,0.0044181681551288,0.0044181681551288,0.0004295664787917,0.097227281468019
2.0,0,6,50,50,10.0,1.0,toeplitz,0.5,,,1.0,500,0.001,5000,5000,5000,0.8654846757420103,0.8644924884940305,0.65,0.6470999483655112,0.0044183001863211,0.0044183001863211,0.0004296635837091,0.0972463539348044
3.0,0,6,50,50,10.0,1.0,toeplitz,0.5,,,1.0,500,0.001,5000,7500,5000,0.8676440765288074,0.8669477349667509,0.65,0.6485816468171962,0.004418295076416,0.004418295076416,0.0004296436938399,0.0972419646965861
5.0,0,6,50,50,10.0,1.0,toeplitz,0.5,,,1.0,500,0.001,5000,12500,5000,0.8693314950159873,0.8665725852864274,0.65,0.6496383140228913,0.0044182984830932,0.0044182984830932,0.0004296804932044,0.0972502185736432
0.5,0,4,50,50,10.0,1.0,toeplitz,0.8,,,1.0,500,0.001,5000,1250,5000,0.4639506359979353,0.4643118677883222,0.2897560975609755,0.2905873748521639,0.0044251385610292,0.0044251385610292,0.0004342441812652,0.0981312054473156
1.0,0,4,50,50,10.0,1.0,toeplitz,0.8,,,1.0,500,0.001,5000,2500,5000,0.4660953087515059,0.4618373141033913,0.2897560975609755,0.2891994571616683,0.0044249461910277,0.0044249461910277,0.0004342200855141,0.098130026167238
2.0,0,4,50,50,10.0,1.0,toeplitz,0.8,,,1.0,500,0.001,5000,5000,5000,0.4648630863556702,0.4620188583444218,0.2897560975609755,0.2893972499642421,0.0044249547817504,0.0044249547817504,0.0004342743678988,0.0981421029859784
3.0,0,4,50,50,10.0,1.0,toeplitz,0.8,,,1.0,500,0.001,5000,7500,5000,0.4619801689118834,0.4610585064795536,0.2897560975609755,0.288215164539261,0.0044249948751181,0.0044249948751181,0.000434332418975,0.0981543326563547
5.0,0,4,50,50,10.0,1.0,toeplitz,0.8,,,1.0,500,0.001,5000,12500,5000,0.4621979995391922,0.4642052272583775,0.2897560975609755,0.2898603934998214,0.0044248958224673,0.0044248958224673,0.0004342611070706,0.0981404138071865
0.5,0,6,50,50,10.0,1.0,toeplitz,0.8,,,1.0,500,0.001,5000,1250,5000,0.4874408033857358,0.4824119522980858,0.2663414634146341,0.2670365149389226,0.0044197110667021,0.0044197110667021,0.0004309803457383,0.0975132399457828
1.0,0,6,50,50,10.0,1.0,toeplitz,0.8,,,1.0,500,0.001,5000,2500,5000,0.482335926938901,0.4810558263641091,0.2663414634146341,0.2666618308565526,0.0044193965092223,0.0044193965092223,0.0004308875046524,0.0974991729647503
2.0,0,6,50,50,10.0,1.0,toeplitz,0.8,,,1.0,500,0.001,5000,5000,5000,0.4798285269812452,0.4798739309738539,0.2663414634146341,0.2653005744819174,0.0044194914501289,0.0044194914501289,0.0004309908952618,0.0975204726890637
3.0,0,6,50,50,10.0,1.0,toeplitz,0.8,,,1.0,500,0.001,5000,7500,5000,0.4816641447826657,0.4821841777644957,0.2663414634146341,0.2655666133749851,0.0044195529675929,0.0044195529675929,0.0004310189789781,0.0975254696886087
5.0,0,6,50,50,10.0,1.0,toeplitz,0.8,,,1.0,500,0.001,5000,12500,5000,0.4839063490699832,0.481398480035185,0.2663414634146341,0.2665778991212906,0.004419558062779,0.004419558062779,0.0004310312711637,0.097528138569739
0.5,0,4,50,50,10.0,1.0,tridiagonal,0.2,,,1.0,500,0.001,5000,1250,5000,1.1401236168835198,1.13911018856141,0.9382971014492754,0.94208208959476,0.0044190627543586,0.0044190627543586,0.0004295196798432,0.0971970084424736
1.0,0,4,50,50,10.0,1.0,tridiagonal,0.2,,,1.0,500,0.001,5000,2500,5000,1.1375520121512113,1.1343407058528483,0.9382971014492754,0.935381205186696,0.004419170383702,0.004419170383702,0.0004295753194264,0.0972072317036635
2.0,0,4,50,50,10.0,1.0,tridiagonal,0.2,,,1.0,500,0.001,5000,5000,5000,1.13971494085298,1.1360029746200004,0.9382971014492754,0.9364845394341778,0.004419023918473,0.004419023918473,0.0004295199123892,0.097197915266707
3.0,0,4,50,50,10.0,1.0,tridiagonal,0.2,,,1.0,500,0.001,5000,7500,5000,1.1342581517050998,1.1337062470741344,0.9382971014492754,0.9369907658143732,0.0044191660740746,0.0044191660740746,0.0004296055896604,0.0972141762629765
5.0,0,4,50,50,10.0,1.0,tridiagonal,0.2,,,1.0,500,0.001,5000,12500,5000,1.135329592284864,1.1392985858744906,0.9382971014492754,0.9374945137248272,0.0044190352517874,0.0044190352517874,0.0004294763413228,0.0971878061278411
0.5,0,6,50,50,10.0,1.0,tridiagonal,0.2,,,1.0,500,0.001,5000,1250,5000,1.097472853458087,1.0931575337297428,0.9310364973015884,0.9323712598624788,0.0044183920425504,0.0044183920425504,0.0004289985199629,0.0970938105608494
1.0,0,6,50,50,10.0,1.0,tridiagonal,0.2,,,1.0,500,0.001,5000,2500,5000,1.0954026549793534,1.0906568773065777,0.9310364973015884,0.9304208606940422,0.004418196190156,0.004418196190156,0.0004289426815266,0.0970854763041902
2.0,0,6,50,50,10.0,1.0,tridiagonal,0.2,,,1.0,500,0.001,5000,5000,5000,1.0905336486473165,1.0882862000688172,0.9310364973015884,0.9264067811593232,0.0044182791641509,0.0044182791641509,0.0004289874720771,0.097093790622795
3.0,0,6,50,50,10.0,1.0,tridiagonal,0.2,,,1.0,500,0.001,5000,7500,5000,1.092160483583994,1.0900419737096658,0.9310364973015884,0.929929682642654,0.0044182189843124,0.0044182189843124,0.000428939802125,0.0970843237168764
5.0,0,6,50,50,10.0,1.0,tridiagonal,0.2,,,1.0,500,0.001,5000,12500,5000,1.092153023971341,1.0902359695237436,0.9310364973015884,0.9291519955213752,0.0044182194407573,0.0044182194407573,0.0004290199553327,0.097102455205169
0.5,0,4,50,50,10.0,1.0,tridiagonal,0.5,,,1.0,500,0.001,5000,1250,5000,0.9683528827237508,0.9696780496391598,0.5208333333333334,0.522889729157922,0.0044196054124093,0.0044196054124093,0.0004305334562538,0.0974144558346833
1.0,0,4,50,50,10.0,1.0,tridiagonal,0.5,,,1.0,500,0.001,5000,2500,5000,0.9705485030625248,0.9649070799178324,0.5208333333333334,0.5198185546926212,0.0044198891216969,0.0044198891216969,0.0004306770633341,0.0974406939803007
2.0,0,4,50,50,10.0,1.0,tridiagonal,0.5,,,1.0,500,0.001,5000,5000,5000,0.970569387411327,0.9653688902071562,0.5208333333333334,0.5203553308622908,0.0044196704162512,0.0044196704162512,0.0004305681078863,0.0974208633981251
3.0,0,4,50,50,10.0,1.0,tridiagonal,0.5,,,1.0,500,0.001,5000,7500,5000,0.9651597712252704,0.9626839372479016,0.5208333333333334,0.5187484564010704,0.0044198740191287,0.0044198740191287,0.0004307132202458,0.097449207461977
5.0,0,4,50,50,10.0,1.0,tridiagonal,0.5,,,1.0,500,0.001,5000,12500,5000,0.9657284804653022,0.9697071300979392,0.5208333333333334,0.5204079413372245,0.0044196101575139,0.0044196101575139,0.0004305259169696,0.0974126453750025
0.5,0,6,50,50,10.0,1.0,tridiagonal,0.5,,,1.0,500,0.001,5000,1250,5000,0.9889360257199618,0.983606022990978,0.4083333333333334,0.4094852715378921,0.0044186643625942,0.0044186643625942,0.0004293812309718,0.0971744390922072
1.0,0,6,50,50,10.0,1.0,tridiagonal,0.5,,,1.0,500,0.001,5000,2500,5000,0.984906823900952,0.9789592284716728,0.4083333333333334,0.4086135571557748,0.004418221650879,0.004418221650879,0.0004292909204718,0.0971637356370339
2.0,0,6,50,50,10.0,1.0,tridiagonal,0.5,,,1.0,500,0.001,5000,5000,5000,0.9800042591613028,0.9776863688228284,0.4083333333333334,0.4070527959532702,0.0044184099295359,0.004418409929536,0.0004293731607955,0.097178208369774
3.0,0,6,50,50,10.0,1.0,tridiagonal,0.5,,,1.0,500,0.001,5000,7500,5000,0.9813709075742096,0.9795256415071868,0.4083333333333334,0.4081886246491627,0.0044183729505879,0.0044183729505879,0.000429377304922,0.0971799596195116
5.0,0,6,50,50,10.0,1.0,tridiagonal,0.5,,,1.0,500,0.001,5000,12500,5000,0.9827639910014688,0.9801642896980804,0.4083333333333334,0.4083752142397848,0.0044183943371294,0.0044183943371294,0.0004294320999115,0.0971918907968261
1.0,0,4,100,100,10.0,0.0,toeplitz,0.6,,,1.0,300,0.001,5000,10000,5000,0.7063919031255078,0.7052539779010653,0.5552941176470588,0.5550229247312429,1.417150219245492,1.417150219245492,0.0745985819700803,0.0526398549405705
1.5,0,4,100,100,10.0,0.0,toeplitz,0.6,,,1.0,300,0.001,5000,15000,5000,0.7020435617681253,0.7075801368928311,0.5552941176470588,0.5553155391078233,1.431325437521909,1.4313254375219095,0.0671602570458594,0.0469217239387121
2.0,0,4,100,100,10.0,0.0,toeplitz,0.6,,,1.0,300,0.001,5000,20000,5000,0.7047920532010563,0.7052539255520587,0.5552941176470588,0.5543341390443386,1.3952028052950851,1.395202805295085,0.0631661836952066,0.0452738365028208
3.0,0,4,100,100,10.0,0.0,toeplitz,0.6,,,1.0,300,0.001,5000,30000,5000,0.7054576939328391,0.7062621771582683,0.5552941176470588,0.5545184985891407,1.363134162486766,1.363134162486766,0.0571118610606928,0.0418974614769419
5.0,0,4,100,100,10.0,0.0,toeplitz,0.6,,,1.0,300,0.001,5000,50000,5000,0.7058882165025248,0.7048132688887148,0.5552941176470588,0.554442403266978,1.350871455495836,1.3508714554958363,0.0559280638608474,0.0414014698684406
1.0,0,4,100,100,10.0,0.0,tridiagonal,0.6,,,1.0,300,0.001,5000,10000,5000,0.8988922080751114,0.8989954037864473,0.1273214285714286,0.1274097437450145,1.107099460501454,1.107099460501454,0.0838562651955855,0.0757441116967063
1.5,0,4,100,100,10.0,0.0,tridiagonal,0.6,,,1.0,300,0.001,5000,15000,5000,0.8916252688965078,0.9029402689423704,0.1273214285714286,0.1273284755005123,1.1120575242428865,1.1120575242428865,0.0776106914811266,0.0697901770270074
2.0,0,4,100,100,10.0,0.0,tridiagonal,0.6,,,1.0,300,0.001,5000,20000,5000,0.8957171563823344,0.8979886968146111,0.1273214285714286,0.126795523787073,1.038945974151271,1.0389459741512703,0.0652166809078329,0.0627719655597196
3.0,0,4,100,100,10.0,0.0,tridiagonal,0.6,,,1.0,300,0.001,5000,30000,5000,0.8974950698182592,0.9004317766246264,0.1273214285714286,0.1279769915540266,0.9593658224621412,0.9593658224621412,0.0480849801993443,0.050121631471025
5.0,0,4,100,100,10.0,0.0,tridiagonal,0.6,,,1.0,300,0.001,5000,50000,5000,0.897988589688329,0.8978084283194763,0.1273214285714286,0.1275712472230255,0.9295707685327448,0.9295707685327445,0.0513465409704819,0.0552368283390929
